case_id,file,sha256,legacy_declared_sha256,archive_member_sha256
case_CL120_EHR_001,case_CL120_EHR_001.json,45fcee62994faed73ffc1d6a36eabce38767e93a2fa4f2da2be33f5a19832d35,29d7a06f96b6015890b67be4f82b702a85b3182ac57c5d5431efabd63d99276f,45fcee62994faed73ffc1d6a36eabce38767e93a2fa4f2da2be33f5a19832d35
case_CL120_EHR_002,case_CL120_EHR_002.json,81fb45dc7a00f95acc71ec7b7a98c84106d93283fa998b6aac53731c6426a931,866ee331363af96122ff6f0ff7f388b1919d15eb0c5b3c5be342523c86f7ea0c,81fb45dc7a00f95acc71ec7b7a98c84106d93283fa998b6aac53731c6426a931
case_CL120_EHR_003,case_CL120_EHR_003.json,c316c350283ed91ec632fbd99218fba0dcd6c8d386b700f098ae9692d5a16b5c,190ef7b5f98188d0549737457459762a72c4480214dbbc04dd5d54749cf66dd8,c316c350283ed91ec632fbd99218fba0dcd6c8d386b700f098ae9692d5a16b5c
case_CL120_EHR_004,case_CL120_EHR_004.json,e0ff3071314fd098095765ec1dc922bd8fc4e387a09392aee183165bb80df89d,a115837635c0f6ee1dfeb55f7e50351e708970cf8fb91d9e3b869e726d8749ee,e0ff3071314fd098095765ec1dc922bd8fc4e387a09392aee183165bb80df89d
case_CL120_EHR_005,case_CL120_EHR_005.json,49b70bda271cae87847ca35a6d2987d201a11714f42df291a744c39ee09a9e0e,5f1b3a4eaf53fdc06ba78bfc33a2c81139feb21a65e0e98fb46335dd944ca14f,49b70bda271cae87847ca35a6d2987d201a11714f42df291a744c39ee09a9e0e
case_CL120_EHR_006,case_CL120_EHR_006.json,180aa1345a8d8a29047c237e2ddef8a9d737274c5910748dc5e9818075c96a8c,2c799d758bf8227b5fdf6b7f80efbb083a981b8d02ce68b5457a4c63b8d24e0b,180aa1345a8d8a29047c237e2ddef8a9d737274c5910748dc5e9818075c96a8c
case_CL120_EHR_007,case_CL120_EHR_007.json,e15ba645b73724983f250dde7076468f87ff4c9a8e258abde5daca4d5820f000,6e0d1ec463c334f989e01333f97a15b3ca4dd9a202459130b8cf028097f9dc88,e15ba645b73724983f250dde7076468f87ff4c9a8e258abde5daca4d5820f000
case_CL120_EHR_008,case_CL120_EHR_008.json,c5763c9d18ccdc821e09e606c53033c6f000614d0658735cdbe2bd25407841e3,8622fbdea8cf8f633ed8949cdc8c459696a5c3c012ee0165bd6b812e466647e3,c5763c9d18ccdc821e09e606c53033c6f000614d0658735cdbe2bd25407841e3
case_CL120_EHR_009,case_CL120_EHR_009.json,b698c1c18e0ec2b155eee14974e539374577f089cb898a949ad9cd52e7a38674,a279b567545e4468b4063e2297370620eb7675dfe93b4b6b987253e7903d04ab,b698c1c18e0ec2b155eee14974e539374577f089cb898a949ad9cd52e7a38674
case_CL120_EHR_010,case_CL120_EHR_010.json,e185a4943826237c833eef8184175761b8f8765322199dd997ef66b3bd1acb3c,0fb42983fd5b9f9205368e68c3aa2261aff3dcf4f6ba44aeb4977c617f851776,e185a4943826237c833eef8184175761b8f8765322199dd997ef66b3bd1acb3c
case_CL120_EHR_011,case_CL120_EHR_011.json,997ff6d17a3980cac10430de7cbe1fc1fa8385758906db68a55f195a88be06ba,435ff23517cfda4100dbe0c6176883177cd1033b1a1a95af767b726088336ed3,997ff6d17a3980cac10430de7cbe1fc1fa8385758906db68a55f195a88be06ba
case_CL120_EHR_012,case_CL120_EHR_012.json,3ab01f7749f9c933d1eb2a5d1b35addb73331233962c887ab1607e0af72cadfc,5abc90acb1b70f8c7a2a8996ae561d67593eda4e52d7a11ee9008393c7ad1108,3ab01f7749f9c933d1eb2a5d1b35addb73331233962c887ab1607e0af72cadfc
case_CL120_EHR_013,case_CL120_EHR_013.json,7b4bb9cfbe3932ca4dcb0eaf5b9ff9a1e7b040892850ce52b96b636c9f70c7a2,f9c3f2ae3d5d2cc21ebc938ab3d1c95d7bb1e51d92bc582e98739e829584f978,7b4bb9cfbe3932ca4dcb0eaf5b9ff9a1e7b040892850ce52b96b636c9f70c7a2
case_CL120_EHR_014,case_CL120_EHR_014.json,b3627620a8818e93ccf12728d10fc02a9905657467357373719f2d972b08003a,ddaba7a0d0b6132cdbc4afbab816161ccaafee968deb2ccca31ec1b3638375d8,b3627620a8818e93ccf12728d10fc02a9905657467357373719f2d972b08003a
case_CL120_EHR_015,case_CL120_EHR_015.json,ae429708cd63c28416853a289bdb6fa19997d78c934db57cdbd80a989b41effa,3f47d19d1c4ae84d576a459ac73655b915948fd1c7005aa56a597467e502f125,ae429708cd63c28416853a289bdb6fa19997d78c934db57cdbd80a989b41effa
case_CL120_EHR_016,case_CL120_EHR_016.json,be1dcd3ec536911c8d2452ad060985d7f5e489bf9d37b0fd31e7f4583b19059c,2e33ccacfb896a669dc627cb33040b7031965ae0828293338052524e1c0d13b4,be1dcd3ec536911c8d2452ad060985d7f5e489bf9d37b0fd31e7f4583b19059c
case_CL120_EHR_017,case_CL120_EHR_017.json,a994b6a5fcbda5505cce9de4cb05bbd4378228a22fef5e485b46bf381704eb6d,60aac382dad49a814c353a77e4188e64daf0cf24af788fb333edeb23df1022d6,a994b6a5fcbda5505cce9de4cb05bbd4378228a22fef5e485b46bf381704eb6d
case_CL120_EHR_018,case_CL120_EHR_018.json,568b97d368116b45993d607a9ab1c0059d0e389647d56dffd8d1ac91fef91967,5137746e41df7f4cead06235027ccc70466a07e2a89db313c11e425d3469300b,568b97d368116b45993d607a9ab1c0059d0e389647d56dffd8d1ac91fef91967
case_CL120_EHR_019,case_CL120_EHR_019.json,8c287365f08920e533f1ba459dec968736258654a68dd98b322f1749501aa1e2,9041db27a3fb319b4bef8b011b6c1259e3f5c968d74d84a1f1c3fa5fe0c0db3c,8c287365f08920e533f1ba459dec968736258654a68dd98b322f1749501aa1e2
case_CL120_EHR_020,case_CL120_EHR_020.json,0ff3b6fdbe1aac502c7ccfa7a64925df010ae8af24324e8996759d02f971eb3e,2ec7fd5eb86e15b0e67c1c3554610f8753edcda78ac59cd00fdb5bbc2d10b946,0ff3b6fdbe1aac502c7ccfa7a64925df010ae8af24324e8996759d02f971eb3e
case_CL120_EHR_021,case_CL120_EHR_021.json,7b177b7b038ddb989593ec3bda81524ca511cfc0df6e732f53c33717bcf2809d,e64b4f4443f91055999278e10ef35eebf45fa6ee694b3487e1d3cb87459ca606,7b177b7b038ddb989593ec3bda81524ca511cfc0df6e732f53c33717bcf2809d
case_CL120_EHR_022,case_CL120_EHR_022.json,1e2173978d31e053bf2513a502cfc4456b4c68bb72b97592d72ed60ddac05174,5bbe48572549223d5af41eb45797cce180a3d3aa0cda183927581db17bb43279,1e2173978d31e053bf2513a502cfc4456b4c68bb72b97592d72ed60ddac05174
case_CL120_EHR_023,case_CL120_EHR_023.json,de9a374446c2c0f1cec6141943290f254f9472bd6b940f6048efab69f0712a88,3e53f60a5f8a4676fbf76570d7833670bf3596e3e9ef78e1adf6238fb7a5e9b0,de9a374446c2c0f1cec6141943290f254f9472bd6b940f6048efab69f0712a88
case_CL120_EHR_024,case_CL120_EHR_024.json,5502ac84cc450ad9d53e75b0317b53fa72c71ad25f151aa15852184874df1307,ab0de33201d3b90e4178ff1515afa824db7e889867c789c8d77ded359d1ba103,5502ac84cc450ad9d53e75b0317b53fa72c71ad25f151aa15852184874df1307
case_CL120_EHR_025,case_CL120_EHR_025.json,82ca356b5bb9ce4a12ad3485331f2b2f220b48090624e2b7dcd520953b0dd230,548c7297ddd9fabf8c934cf656a8ed7ea9ff2f96fbf958dc9aafbf4f65364b65,82ca356b5bb9ce4a12ad3485331f2b2f220b48090624e2b7dcd520953b0dd230
case_CL120_EHR_026,case_CL120_EHR_026.json,3088434ac96acb8fa135e59d2ade4dc1168d86dca0a547c697067a96a5c005cf,07cdfc5ca00b2d233e8deb1c29302edb2f057e43b80a5be1d8a43f75d975072f,3088434ac96acb8fa135e59d2ade4dc1168d86dca0a547c697067a96a5c005cf
case_CL120_EHR_027,case_CL120_EHR_027.json,672fb14046d18883a20abfaa8d9fa1a84a3dc01341bbf1659fdd66727ef7b05f,af97eb1e9c5e3d8f2ebd2777902f429e9c10b8fd13e2ed23f8868e05901b7cd7,672fb14046d18883a20abfaa8d9fa1a84a3dc01341bbf1659fdd66727ef7b05f
case_CL120_EHR_028,case_CL120_EHR_028.json,aec1798e9e713147b5702c3eb29137138d01fbafbfd6efd19eb570879f3de6ee,bf7762cafcb2b4e5bf49015ae60e5df749ef67a4bfa675b9cc5438ece864632a,aec1798e9e713147b5702c3eb29137138d01fbafbfd6efd19eb570879f3de6ee
case_CL120_EHR_029,case_CL120_EHR_029.json,df3fa9a0845fc203a780a890a9423ca656476d3137a9af4c07e18d0825f4eab3,9eec8988b086226559b8c4e0ac54356cc4131beca5ea0640032e170384357688,df3fa9a0845fc203a780a890a9423ca656476d3137a9af4c07e18d0825f4eab3
case_CL120_EHR_030,case_CL120_EHR_030.json,f5a40bb311ba6d9ef2436b1d978d73ba619b76fc3221fdd679e400e61fb48f07,90084fbeb04aeedd88349f18539bd3ed5519551fe1cad60bc2d8b7f1b415b63e,f5a40bb311ba6d9ef2436b1d978d73ba619b76fc3221fdd679e400e61fb48f07
case_CL120_EHR_031,case_CL120_EHR_031.json,4fec945dc9f5ea1e21e6f4ab40fa2bcdfbb385ef64d596257ab422b9e0054544,8e8a8a5aa543d9c5e58a03bafd010e9fb8e539213f5a4792e0679420ca5a2fa2,4fec945dc9f5ea1e21e6f4ab40fa2bcdfbb385ef64d596257ab422b9e0054544
case_CL120_EHR_032,case_CL120_EHR_032.json,ea66c55232f92dfad2e4933e34bd36b8bd3c704e10be2b7408abd53fcd21d554,ce9fcb3c7eb2f03bfb7d116f7c7c091c909f3aae1be91d0bd0aa22795eac04de,ea66c55232f92dfad2e4933e34bd36b8bd3c704e10be2b7408abd53fcd21d554
case_CL120_EHR_033,case_CL120_EHR_033.json,6c8bdea7c23295029fb56d8b8bc0c5c1c1f505d0eb20f77046421765c4069af6,f5f4ce7c55a8ed5fa4bffc5bd5d18de7aa351f772bd6056d92a25de5bc4dda05,6c8bdea7c23295029fb56d8b8bc0c5c1c1f505d0eb20f77046421765c4069af6
case_CL120_EHR_034,case_CL120_EHR_034.json,3c4aff97a049e011157cd94292407a7c4bf97bb940572911b30c15b90a7fbe23,1dce3b6aa4294ea146bd9f22b9aa1acc8c2da0b8ab9d6ffb9b0cfeb0f93d0498,3c4aff97a049e011157cd94292407a7c4bf97bb940572911b30c15b90a7fbe23
case_CL120_EHR_035,case_CL120_EHR_035.json,315f9ee279fde2bdd8dd33330f3655ca9d7367b0358d0729326885d015709944,768a1d4d4cec7b4963f51e68235b72e13d45f66e04a2306cab112a69d1f41ff4,315f9ee279fde2bdd8dd33330f3655ca9d7367b0358d0729326885d015709944
case_CL120_EHR_036,case_CL120_EHR_036.json,b38271ba289c2027a090cbe679d1a61137db327bfdb28d3818b2c96825ee90da,4d1dcf74adff98633f8ec5351df69c2f6c9d724fe2429fb0e1ce6a7e4b7fc26b,b38271ba289c2027a090cbe679d1a61137db327bfdb28d3818b2c96825ee90da
case_CL120_EHR_037,case_CL120_EHR_037.json,10b3ef991eab4c7d5aa864ff9fb41b632edd0aa9179e5858178546eddbaf6e8c,843558c137a19c6b1dbb21c95b0f56e1607f3d5e76f1e8c1ce96c662cf47e7e6,10b3ef991eab4c7d5aa864ff9fb41b632edd0aa9179e5858178546eddbaf6e8c
case_CL120_EHR_038,case_CL120_EHR_038.json,ef236f3bb749499e8b019dd21cd8c6c78f9136f0de453c8bedb2620681c9327b,1434c08c00675c76bd9f4d3fd6c93ad5aedfd06d4aac1fdba1125abb47aa779d,ef236f3bb749499e8b019dd21cd8c6c78f9136f0de453c8bedb2620681c9327b
case_CL120_EHR_039,case_CL120_EHR_039.json,09ca25dde137a0b84bfe74badb9b3ab2583ec462f028f1cff6b9d3fea81d20d4,6c3fec9d19498f91049937be470508f08dfce42982069b75957cf7d25d8e44b4,09ca25dde137a0b84bfe74badb9b3ab2583ec462f028f1cff6b9d3fea81d20d4
case_CL120_EHR_040,case_CL120_EHR_040.json,7d72c9a48d6d8c77d6b96ddc40aeb0e0b103a67b1133655ee4953cac109b1312,53d313f747a72d4ca78d72baa62e98498f9f7a9720325696932e842b06e8caca,7d72c9a48d6d8c77d6b96ddc40aeb0e0b103a67b1133655ee4953cac109b1312
case_CL120_EHR_041,case_CL120_EHR_041.json,1a8f6b728151e4c1f659c51c8f70eb076cec314cd380dce462b3bc694ef5960b,8f7c8de0cb1d49105ae3022294b8fae95cf3ff81d4c87a200a171037674ce5ef,1a8f6b728151e4c1f659c51c8f70eb076cec314cd380dce462b3bc694ef5960b
case_CL120_EHR_042,case_CL120_EHR_042.json,d02939dac69d7d6d3574a96aa73d304f8dd209c8e7c12c56188750a0b333bb33,28559d576da2170d90f71bc40e9337a337a1008e2d3d725f22c252e2a3908953,d02939dac69d7d6d3574a96aa73d304f8dd209c8e7c12c56188750a0b333bb33
case_CL120_EHR_043,case_CL120_EHR_043.json,a7889a53739cf44e9455799b90a6cde70a230744ca0411a852055f5a8b164f10,942cb8bfdf32029afcae94562b7954ae55d7859978b163d61fb60ee76e8bf4a0,a7889a53739cf44e9455799b90a6cde70a230744ca0411a852055f5a8b164f10
case_CL120_EHR_044,case_CL120_EHR_044.json,567c141786cbe1a957d0331fe12f42eaa955d0085858dd9bc45809871bad9608,8a7ef9eb397ec44b9e9f42a2e756d8ebcf3e276236d3e04d50d1e3256f8c39f8,567c141786cbe1a957d0331fe12f42eaa955d0085858dd9bc45809871bad9608
case_CL120_EHR_045,case_CL120_EHR_045.json,fd52b0505d21f7bcb20b9f02d2b0d67e116bb4ab35c3773fb683672b97501534,466be3bcf92864d672e2433e4b78e34c6105538738096c59f2b41d93678e75f9,fd52b0505d21f7bcb20b9f02d2b0d67e116bb4ab35c3773fb683672b97501534
case_CL120_EHR_046,case_CL120_EHR_046.json,1f6e227ad8edac61fde8de692b9d65e69a5b400841aa22bb8e69fa7197676534,b143b657e6c8f25b20443ba613a4aa3f68539199244818c52cf6946924eada9c,1f6e227ad8edac61fde8de692b9d65e69a5b400841aa22bb8e69fa7197676534
case_CL120_EHR_047,case_CL120_EHR_047.json,cb9f53d2cf8ee8477987b897a2280540d7364a747f137ce778fece3b0ae6e7eb,4828037c23a87720d14a0fe02e54c437ff443621baad6d73f06ea6027e22d247,cb9f53d2cf8ee8477987b897a2280540d7364a747f137ce778fece3b0ae6e7eb
case_CL120_EHR_048,case_CL120_EHR_048.json,17b2e809f5a4fabc41e69d80e14349cdecbdb01a18a927d57710ee67bcfaa76f,ffe798220b532ec4243f438456b102c59c2fc95ac308dceaae3fedd59cf6ac0d,17b2e809f5a4fabc41e69d80e14349cdecbdb01a18a927d57710ee67bcfaa76f
case_CL120_EHR_049,case_CL120_EHR_049.json,cc72bccb0c904c8c9e7a6f87407797d9f7556c9bfa6cd07f9e7b1d48f804ed3b,d164299244686bcfa0ccdad645fee4cf353fe23c9731f102a450ac7d969fb85f,cc72bccb0c904c8c9e7a6f87407797d9f7556c9bfa6cd07f9e7b1d48f804ed3b
case_CL120_EHR_050,case_CL120_EHR_050.json,31db05a43f2cd56ef2e63cf71560dde0f4e6b62de34f4f3b508cabe61325b7aa,a8fb05715dc1f563bf803bd7c9af7507cb511965c8659bd748d97f6f398438c4,31db05a43f2cd56ef2e63cf71560dde0f4e6b62de34f4f3b508cabe61325b7aa
case_CL120_EHR_051,case_CL120_EHR_051.json,732f2acec11efe0d7952b94a775d68d2dc2648447fef344b830991ff49bea60b,8f6e42df2669916f4b05302456e31ba0050c0215997f3312e9c1cbefc9769145,732f2acec11efe0d7952b94a775d68d2dc2648447fef344b830991ff49bea60b
case_CL120_EHR_052,case_CL120_EHR_052.json,d076be2fd8bbb752db6981da138a5b6175ece4f2dd507e3192b3fd9204f14e42,ee9f413d9fad9660ee486d6d10446ac524f4d0d66bffc65b40f51eb4ff5b155c,d076be2fd8bbb752db6981da138a5b6175ece4f2dd507e3192b3fd9204f14e42
case_CL120_EHR_053,case_CL120_EHR_053.json,be94dfba2a022e311db7e91ebbb2066094c555d6b3ff054c9d431152324e560d,f0362918a8c3d3094f544f24e839d121a8fe2b66c07ac8239b0af27d83ddd452,be94dfba2a022e311db7e91ebbb2066094c555d6b3ff054c9d431152324e560d
case_CL120_EHR_054,case_CL120_EHR_054.json,1d82946f4d13f83502cc310c078a330540984c3cbd3afa5c9649ea07decb49d0,956508081f677ed244a4e27632e3e0a2298568a82bea57aa296d062484663371,1d82946f4d13f83502cc310c078a330540984c3cbd3afa5c9649ea07decb49d0
case_CL120_EHR_055,case_CL120_EHR_055.json,9518beda70cf8934624de52646506dabdc484c5b963980f9e812355fa1ee43a3,d19b05f123a6d6794ea55a5d10815be77ec156affbdaa52e7360580562100540,9518beda70cf8934624de52646506dabdc484c5b963980f9e812355fa1ee43a3
case_CL120_EHR_056,case_CL120_EHR_056.json,4707eaf721c26074395bad7a7817ae95d698e9e2e0894542f6a800d7f0ab1ee4,bfd8786f8f743fafb43267c376eb39e09de93dc5e0f6ba2a56dce7ec40c6c7b9,4707eaf721c26074395bad7a7817ae95d698e9e2e0894542f6a800d7f0ab1ee4
case_CL120_EHR_057,case_CL120_EHR_057.json,817e23cc5e43cf276a72baa9fc11c50e5a3021de453c5da5bfee58ce1cd80d1a,242908ea154fad3ae766dd0a8f124e3f6492e3fd1990e0643cceb8b9eea21d2a,817e23cc5e43cf276a72baa9fc11c50e5a3021de453c5da5bfee58ce1cd80d1a
case_CL120_EHR_058,case_CL120_EHR_058.json,c6badcfeea21d2efea5e07c4dc8e9be00f6127ddf85a33e65c75908f21477d26,84559360ee2e5cc44c1a6fcdefc20504fa6b2940b8ed873266917fb945ab96af,c6badcfeea21d2efea5e07c4dc8e9be00f6127ddf85a33e65c75908f21477d26
case_CL120_EHR_059,case_CL120_EHR_059.json,8a4d2280e0838c7e4bc198a3a2f3efe61fac9048ce4e7e688c53f2a43f7ccc5a,ce25982b7a356de3c771e48e690faf35bd4b8cd60e687b2b7b2ecfae28750c68,8a4d2280e0838c7e4bc198a3a2f3efe61fac9048ce4e7e688c53f2a43f7ccc5a
case_CL120_EHR_060,case_CL120_EHR_060.json,348dfef604f78a3aac72cac5ea5846a72669bb4057a68890ae46251b349195f6,ac4bca73dcbc9b36191b742cbbce007d12130dfe393f53951c92770e4b5d7d1c,348dfef604f78a3aac72cac5ea5846a72669bb4057a68890ae46251b349195f6
case_CL120_EHR_061,case_CL120_EHR_061.json,eb3cdecdb23df29c765779cb5f9c4e3c02fd31f0914d96a201da570a57a184c5,e65feba9baf4fc0afa22c2c614468ae6091b62a2f26498d3f068cdee365e5b65,eb3cdecdb23df29c765779cb5f9c4e3c02fd31f0914d96a201da570a57a184c5
case_CL120_EHR_062,case_CL120_EHR_062.json,87ea15a295034274f0ca275a355ed8de69f38ec0aa76396c1ab11bd070ecb92f,e147260461cc1b715fef9b074f7e3cc75dbc24d82b8ff2c73daa3f351f759211,87ea15a295034274f0ca275a355ed8de69f38ec0aa76396c1ab11bd070ecb92f
case_CL120_EHR_063,case_CL120_EHR_063.json,d1e9d3eecf5d45276aa65cbce5a607205548decd8c96988d37d60cc02a3154bf,fa9d546e8785124528c8912d225bb609b976320be41a1d285551544bf62e111a,d1e9d3eecf5d45276aa65cbce5a607205548decd8c96988d37d60cc02a3154bf
case_CL120_EHR_064,case_CL120_EHR_064.json,d4785ff96e1f0283216d49727b33db2cc7346a20d826e96295ef7c5cc0a2652b,c2ef2eb488f81a4b1e8e43af9605401e159185d81418ab717d3551d8ba53e5d9,d4785ff96e1f0283216d49727b33db2cc7346a20d826e96295ef7c5cc0a2652b
case_CL120_EHR_065,case_CL120_EHR_065.json,660b53eaa111549dc5a3ddfc97d929c8f5bc7f2b178919f1cb87c96c58d89718,9e062d69a7ac2d9d9e0391efe6438eadf0e05021c86a96287806e8f33347cf8e,660b53eaa111549dc5a3ddfc97d929c8f5bc7f2b178919f1cb87c96c58d89718
case_CL120_EHR_066,case_CL120_EHR_066.json,1aeb4d82cb3b25979009434f7dc2b04bf9723ae36e8e31f34ceb5f4014930f26,c2637d516a282abcee4bffde5e1413c59904a0e5cdce0a9d86ffdf2a37b9f27b,1aeb4d82cb3b25979009434f7dc2b04bf9723ae36e8e31f34ceb5f4014930f26
case_CL120_EHR_067,case_CL120_EHR_067.json,bcb3caacff4aa5b0d81b090e94b6fc9e4807e9ef5c1d9242d807b9654ebd7042,153f3a34905fe5ea38a0414415756e2e8ce2ec9520a972ea57112be329dbaaac,bcb3caacff4aa5b0d81b090e94b6fc9e4807e9ef5c1d9242d807b9654ebd7042
case_CL120_EHR_068,case_CL120_EHR_068.json,f9dc7246a3bc6aa654efe9bd61890646cf219169a6552560460bf9bdb1141b39,2db2bd9586265a6a47ff81bbe56aebf5fa29a5b3854109181df72551fe452dd8,f9dc7246a3bc6aa654efe9bd61890646cf219169a6552560460bf9bdb1141b39
case_CL120_EHR_069,case_CL120_EHR_069.json,a453c647a7b44b6d517561cc120c80532b5002461d34699c86607903afc90fb9,8920bd6d83eff0ca931be7fc872f31686055dcaeb2f54c185e722ececc4d062d,a453c647a7b44b6d517561cc120c80532b5002461d34699c86607903afc90fb9
case_CL120_EHR_070,case_CL120_EHR_070.json,f901b805285a897a64b80d8420ffdf80129c2a7126c34aa211cc00811cbf6b30,05c5395a23ca22c1576001f787ead81cf8fe41e84d141f9974e7fe1aa2054aff,f901b805285a897a64b80d8420ffdf80129c2a7126c34aa211cc00811cbf6b30
case_CL120_EHR_071,case_CL120_EHR_071.json,811906440b074bc4e7c0742f16a6720b3b241185f9ab7e59263266cb3c5d9e2a,634b3c7ad1633d5775d315d9bf824c11d605e153affa66de7eb29bb092036e68,811906440b074bc4e7c0742f16a6720b3b241185f9ab7e59263266cb3c5d9e2a
case_CL120_EHR_072,case_CL120_EHR_072.json,c01ad41ebfde01cbdc5e7639b47c6d25d9b639b0efaaad67747cfd19d0f75b14,29c830991b34acfa7190984b80db7c44a181cf63725c98cfd87d97591f883476,c01ad41ebfde01cbdc5e7639b47c6d25d9b639b0efaaad67747cfd19d0f75b14
case_CL120_EHR_073,case_CL120_EHR_073.json,69684b1823b9500b530d7a45a3559b9d0d11d5786ad151765ba9e5ae9f9a3ab3,77266f71cfab78d6a9c6ec493b428257f4132a0aceb6bbf3edec0c52855b18a6,69684b1823b9500b530d7a45a3559b9d0d11d5786ad151765ba9e5ae9f9a3ab3
case_CL120_EHR_074,case_CL120_EHR_074.json,5d31b924057321ac4154ec9120fc47ec23758a9fb0ffb6efc4f826fba1dd7680,56b6b5a7fc308b626c5a8aa6b497db1c9fbc1c327a074b4d227dd3ab8c8aec3f,5d31b924057321ac4154ec9120fc47ec23758a9fb0ffb6efc4f826fba1dd7680
case_CL120_EHR_075,case_CL120_EHR_075.json,7c2007f4e618844075fd29f706ee20a5197720eae018718133b1cb0296160533,9e09e0de004f6294023aab1563b0988d19dbe4eeb61bc1f4df51d880a91b865c,7c2007f4e618844075fd29f706ee20a5197720eae018718133b1cb0296160533
case_CL120_EHR_076,case_CL120_EHR_076.json,4b2e97372d18ed32297e3a03cce5d9f2fc57e12b46136e20a0d93b35d263a22a,7b83b276f9dea2cfab83a9c34ebe026ecb1cee6abc5fc0ab3ce9de0b813f6694,4b2e97372d18ed32297e3a03cce5d9f2fc57e12b46136e20a0d93b35d263a22a
case_CL120_EHR_077,case_CL120_EHR_077.json,001eebc2ad966d73e71b83eb4e0a777b90491611160e99dc880133e192174cb9,5fda34ff08dbdeb6e44ffb9484ed323cb31bbea2c8589e8e55ebe4a991cad153,001eebc2ad966d73e71b83eb4e0a777b90491611160e99dc880133e192174cb9
case_CL120_EHR_078,case_CL120_EHR_078.json,ad9dc0f5c4f432a934637987798a833cf6e48a1f2db2b690e21e6a480ce09b54,23af0f6147c2d23ea01167b92d48ce58fa16252eeb528f8980c07764a1036379,ad9dc0f5c4f432a934637987798a833cf6e48a1f2db2b690e21e6a480ce09b54
case_CL120_EHR_079,case_CL120_EHR_079.json,09156872433ebc2ee6f3ca67619ec8d00f98cbe6b10a587a325e01ab9415bb2d,f6cf126f7399255234451dff0cbfbf6b2c80520337a956ad3c637fd67a37db0b,09156872433ebc2ee6f3ca67619ec8d00f98cbe6b10a587a325e01ab9415bb2d
case_CL120_EHR_080,case_CL120_EHR_080.json,224a316d67e6ff1fd63c5083b43f35f4fb6f7af9f2990a38c37f0323e831bc81,b946544e5ddeb67256e694a0aef64ef1efce06686a0c92ccc11015a4c1611098,224a316d67e6ff1fd63c5083b43f35f4fb6f7af9f2990a38c37f0323e831bc81
case_CL120_EHR_081,case_CL120_EHR_081.json,79c208bfbf99e370092465f831ed693fd0ec6f6a77c43995a281434132418fe6,bd9f81a6afa9edc337d9b57179de5af4907f023ede97c6d10cc7968f1fa76bad,79c208bfbf99e370092465f831ed693fd0ec6f6a77c43995a281434132418fe6
case_CL120_EHR_082,case_CL120_EHR_082.json,9dc7987984399a9aee10628c7c7355c1e721938886f3d4e4e3bcf6938522dfdb,df838303b6b13b248a179520a3f92e3a4976f4aef259d686ec3dc78263d547da,9dc7987984399a9aee10628c7c7355c1e721938886f3d4e4e3bcf6938522dfdb
case_CL120_EHR_083,case_CL120_EHR_083.json,7355f531d9ea490b03d443ac489c86da892586c78f235b2253c93c328c9cb3c9,72ebba5d4374504b08a1058510ca5d57e452dadef77d25b29931e2b1fc6aafb7,7355f531d9ea490b03d443ac489c86da892586c78f235b2253c93c328c9cb3c9
case_CL120_EHR_084,case_CL120_EHR_084.json,116aa44fe6205839d3f025c80ecd2b6123287346fe56e3c1ea7db79ded42bf9c,102bfb0f08abbfc5c24a22f7305cdb6a910d49795884c90daffc633993578a1d,116aa44fe6205839d3f025c80ecd2b6123287346fe56e3c1ea7db79ded42bf9c
case_CL120_EHR_085,case_CL120_EHR_085.json,dcb5ec0aeb45f4112ea2ad877fd1be7fdcdc811cb886e5d9ccac6f44c26b4cad,cd1ded34f34b9b8aee2a3bf4993f229e4f897dd402f7fa8e7898adc21e0db9a3,dcb5ec0aeb45f4112ea2ad877fd1be7fdcdc811cb886e5d9ccac6f44c26b4cad
case_CL120_EHR_086,case_CL120_EHR_086.json,a292943ecc7c395c5f09d9f1d696976b00671edf5effc069b5fba8605328dbdf,3129e67442edfcd614dc1a712b95f463a8d60a938ecda509b63a7f16992b390b,a292943ecc7c395c5f09d9f1d696976b00671edf5effc069b5fba8605328dbdf
case_CL120_EHR_087,case_CL120_EHR_087.json,7c3d10904b42807934903143b40b49080be00115389f40103ba96f9f9fca69a6,5c1f1b125f6fa2b84530b6e289501db2c22fd10df66673b84d804af3a577e7a6,7c3d10904b42807934903143b40b49080be00115389f40103ba96f9f9fca69a6
case_CL120_EHR_088,case_CL120_EHR_088.json,a8c4efa21e1f4a9f93e87331579979e4b040909bc7836a57a91c733e8d198c1e,939b1be6b9c7252348b40622f46e3787cfc98e3d23d2f8fd50c167f3c5725cac,a8c4efa21e1f4a9f93e87331579979e4b040909bc7836a57a91c733e8d198c1e
case_CL120_EHR_089,case_CL120_EHR_089.json,304b47bb7b06a4fb17fe16f2960929a21c65991aa4d831b813cb919843b679fa,0d3bbf9bd23fdbc504763b9081b23b28e637ee9eba290ba9b8e7cbf0fef2de52,304b47bb7b06a4fb17fe16f2960929a21c65991aa4d831b813cb919843b679fa
case_CL120_EHR_090,case_CL120_EHR_090.json,1d58bb47dd555849905841ceb21fe96a258e176d723026d682f0b512949e4141,eed5b194b6f49d55def43629900bf7127a2e01839ce20c94736b78c0e639c0ec,1d58bb47dd555849905841ceb21fe96a258e176d723026d682f0b512949e4141
case_CL120_EHR_091,case_CL120_EHR_091.json,2c0f0167f8311074266ac326f67f6ad31ea0668303d2f98aa7d7bbd1263a448b,84ccd8c7eae841abec96c1f9ff83c0bbcf2bc91e2955ea418fa3346b3f75a6c4,2c0f0167f8311074266ac326f67f6ad31ea0668303d2f98aa7d7bbd1263a448b
case_CL120_EHR_092,case_CL120_EHR_092.json,a2337c1bcc1a27a0a4894cae96c12a28e430293f8977740a123859c8a8e75f12,d766ffbb1193026af46c38c50689a7899b5e4f9d0353638ed3498f91b396042a,a2337c1bcc1a27a0a4894cae96c12a28e430293f8977740a123859c8a8e75f12
case_CL120_EHR_093,case_CL120_EHR_093.json,d013c082a97bc98356d7da1a9ddc2d25b65ad16915ec62770d634d049328f4ad,f7dfedb2a58b5f205deeeaa221d6728f88fa5d3eb93ea4fa6af468db2a68db91,d013c082a97bc98356d7da1a9ddc2d25b65ad16915ec62770d634d049328f4ad
case_CL120_EHR_094,case_CL120_EHR_094.json,361bb3ab495b0fd1382d0ee707dab5e656ad6f67a42923ab0f98080bb27dfe93,a016e5f4d9ea6983533d365a80bfe94d3da7f0166da19832aff72669775b758a,361bb3ab495b0fd1382d0ee707dab5e656ad6f67a42923ab0f98080bb27dfe93
case_CL120_EHR_095,case_CL120_EHR_095.json,6266b61e016114f1f707f7f1ef1021d39258c4ecd277cf7f583017653a0bbd66,48a915d0c4ffe556ab7fc58cbcf4b923a723ec768bf180e8f5d760dcd57c9631,6266b61e016114f1f707f7f1ef1021d39258c4ecd277cf7f583017653a0bbd66
case_CL120_EHR_096,case_CL120_EHR_096.json,1f3fedeec4c53fb08ed50825e9f061033dd1d671f71f65d953cd29d098621786,2111daa1f1b5b12159df33e85a05b006bf9560c7456c286daa45a1771c97eb82,1f3fedeec4c53fb08ed50825e9f061033dd1d671f71f65d953cd29d098621786
case_CL120_EHR_097,case_CL120_EHR_097.json,5dfeb193239f2d69f40fe5ca21ebfb7ef049d3d35e6897aa41a055f870459af1,5b9287e3084d68d89461e3df7d7f8fa6cf7874cb0884986ce8a7ddac88c2a6ab,5dfeb193239f2d69f40fe5ca21ebfb7ef049d3d35e6897aa41a055f870459af1
case_CL120_EHR_098,case_CL120_EHR_098.json,ac7f14b0e42f355333948067e8d8d033fec1c50a312f2b3f5878eceba618e5cc,c3f445c57e5ae9bb2aa1c1472ba683e62cbe9534231b9d688ae3148039e16e5d,ac7f14b0e42f355333948067e8d8d033fec1c50a312f2b3f5878eceba618e5cc
case_CL120_EHR_099,case_CL120_EHR_099.json,5f456e4c2f3353c09c9b93cf47b3f2c2446e3ee0bd118614d4d78fa59950bd02,7cda5c0aceaaf3dc85c33c2c7436f1bfe378c7de05d88374e95c6e713c5d45b1,5f456e4c2f3353c09c9b93cf47b3f2c2446e3ee0bd118614d4d78fa59950bd02
case_CL120_EHR_100,case_CL120_EHR_100.json,c68c166ff0195c62eae04817603b07a5cdcf298ad94891972b3476e2f153c8c3,cbe3561bc9ec25addc59c6c1ac3235f5cddfec5fd578353d4beff38061ec4068,c68c166ff0195c62eae04817603b07a5cdcf298ad94891972b3476e2f153c8c3
case_CL120_EHR_101,case_CL120_EHR_101.json,7458ae91d49b960effff929ce5a679fddffe677a19f2eb54ede53873b62c4f73,13c0e6dd01a10bbec01f73edaf5f8414d343741696abc87485a31927dcc95e21,7458ae91d49b960effff929ce5a679fddffe677a19f2eb54ede53873b62c4f73
case_CL120_EHR_102,case_CL120_EHR_102.json,2b98c32fc14847b415db7a5ad1cc0d41e8f6ac8fc0c0e9785fadb460c00f7152,fef2570646aee5175d615f9b641d6fb146069b8965dc57be3f26c3dd3f1c3cdf,2b98c32fc14847b415db7a5ad1cc0d41e8f6ac8fc0c0e9785fadb460c00f7152
case_CL120_EHR_103,case_CL120_EHR_103.json,d1e1db00ba194a3a23dcb4e56285faf6ff1ce4f5735ad668af14b34aaf0a1bc5,569f2d48d4d50174df8c765e8d41f0858b6730f705e1130dca58943ddc3d93e4,d1e1db00ba194a3a23dcb4e56285faf6ff1ce4f5735ad668af14b34aaf0a1bc5
case_CL120_EHR_104,case_CL120_EHR_104.json,999be4d13dff0a27ebcf10b93f378e536196f572847536aaed1415d553944566,7f8e9022f2d6c8c9ef2e0d9864a3616a1a23edff26fea1cfc9ffb925b094c531,999be4d13dff0a27ebcf10b93f378e536196f572847536aaed1415d553944566
case_CL120_EHR_105,case_CL120_EHR_105.json,260434edd773ad8ce123505ce59119c1cae61221427094c38db9624cccb78014,f1173637a6e9c0d39201048263a5014cf4adc704b1b2dfcfcae70e490e7b94dd,260434edd773ad8ce123505ce59119c1cae61221427094c38db9624cccb78014
case_CL120_EHR_106,case_CL120_EHR_106.json,8299a81efaed9849ba866a6151e4c716e50e453ea9eca9f6300dd105e0d37a0f,43295584c0c07f4df49aa0aa939cec6bd657fa4e0c53a3302b82a72b3db37554,8299a81efaed9849ba866a6151e4c716e50e453ea9eca9f6300dd105e0d37a0f
case_CL120_EHR_107,case_CL120_EHR_107.json,74851383d90a0b9baa51785a99b6ac1c2e041f9c890aa34aa15e6f72a6ff7408,2ac848df5c650b48a082b45b8b0f434ded84ffdf2a21aec90accf7b58de3acf0,74851383d90a0b9baa51785a99b6ac1c2e041f9c890aa34aa15e6f72a6ff7408
case_CL120_EHR_108,case_CL120_EHR_108.json,b7909ec420eb0251beb0c4ce8bd20881596d26e21271d14be7c54d063882e66a,a2837145acc73f6c06f0491f5433f0c8a8f69de93fb422a1c49429ac79531eda,b7909ec420eb0251beb0c4ce8bd20881596d26e21271d14be7c54d063882e66a
case_CL120_EHR_109,case_CL120_EHR_109.json,f76fe0cb866949d98e424c7a2c853c3e5e9cc46e1fd5fc7d49109891ccc9fb80,2d594c2759554697ad30370d0738c2f639cff13b9dee2075583af56ea9582652,f76fe0cb866949d98e424c7a2c853c3e5e9cc46e1fd5fc7d49109891ccc9fb80
case_CL120_EHR_110,case_CL120_EHR_110.json,5a75a8ea7e7d5450a6c9cfcc4b1f5f8af80a1f5a38225a9f0cd3daf2adfdc87a,e48e0ed5062fb63f40622fe2738196e0cf10f41ff0787917c4796e56383ff423,5a75a8ea7e7d5450a6c9cfcc4b1f5f8af80a1f5a38225a9f0cd3daf2adfdc87a
case_CL120_EHR_111,case_CL120_EHR_111.json,71762a94695dd098e88f94e214bd74f2e5fa0835647aa13cff86018de8392f8e,18a019ed409d76fff7df561d8825dad3d5e94c0f5b4baeef3f63d0c01053bbd0,71762a94695dd098e88f94e214bd74f2e5fa0835647aa13cff86018de8392f8e
case_CL120_EHR_112,case_CL120_EHR_112.json,8c1505a14418b255d7dbef101dddf805bbdb6ebbeb994add33132c02d82d8324,9d82fb170b5fea5654c56c4c79faf9ec86e698de589c96f7c7bd2148de781344,8c1505a14418b255d7dbef101dddf805bbdb6ebbeb994add33132c02d82d8324
case_CL120_EHR_113,case_CL120_EHR_113.json,f5ea2ec096961ade2c91e996278808a1cb2e1aa50771815d6f95ab13d290ee82,217cd813b058d0b78afafbab2ff03976b1f541e7ba67f4f4a6e41ac2ddbf861a,f5ea2ec096961ade2c91e996278808a1cb2e1aa50771815d6f95ab13d290ee82
case_CL120_EHR_114,case_CL120_EHR_114.json,44c92cf957d07d4c0e313412289aab61f2bf7917788e25eeae02bb01ab8e25ce,bbc0a57a227e883aae1fd94abf5aca288eb7e52bc00f8885086be4d8656d4984,44c92cf957d07d4c0e313412289aab61f2bf7917788e25eeae02bb01ab8e25ce
case_CL120_EHR_115,case_CL120_EHR_115.json,cc0673ce39e44d9f0525e908765643a5516b4f98e1c03016b091a42bd167d0d6,d4d73aa2f34600706280a4455d241fdebe3cd6c83696acb399eacfb8556cd4f1,cc0673ce39e44d9f0525e908765643a5516b4f98e1c03016b091a42bd167d0d6
case_CL120_EHR_116,case_CL120_EHR_116.json,bbfe507d2b52fc18bf34aca4434645146e09c987af17483c0997b088f4b72d24,a1606c02fe5cd0264a9cef042dfc6854450a2d9c8c5d485c7fe8d513885f5fc5,bbfe507d2b52fc18bf34aca4434645146e09c987af17483c0997b088f4b72d24
case_CL120_EHR_117,case_CL120_EHR_117.json,fcc49c087df76d70fa394cafbd28dbe018facdbb53b9dbfcb376e386ad394184,964a17f119163a5f86de1733aa955eeedd9e448a0899410bacd626175966280d,fcc49c087df76d70fa394cafbd28dbe018facdbb53b9dbfcb376e386ad394184
case_CL120_EHR_118,case_CL120_EHR_118.json,d432444e8fa3c1e236c4f2b31e58df434c3e433c1bd1987ffcddbd3d7240bcc9,5e075c8d2792c9ed2016556d7bbd86c385df3cc8927b3e9502d3bbf00210106f,d432444e8fa3c1e236c4f2b31e58df434c3e433c1bd1987ffcddbd3d7240bcc9
case_CL120_EHR_119,case_CL120_EHR_119.json,2b0e1a6134a1ec93c865d42817730a396de840bad6e27f1b429964cd938d2467,1ba294829583ff45901148b2d87c09ac639f0893bd5899377c0cb916283ecc2b,2b0e1a6134a1ec93c865d42817730a396de840bad6e27f1b429964cd938d2467
case_CL120_EHR_120,case_CL120_EHR_120.json,7826b27f6fccf68a081afbbbd9ed15d65e06dd12d51fda56f9df2afbf2d28a02,8081751b19e89450449ad89df77e3327b8a16637bc5ef17d2f7de8637bdcdcd0,7826b27f6fccf68a081afbbbd9ed15d65e06dd12d51fda56f9df2afbf2d28a02
