case_id,n_models,mean_fcc,median_fcc,cross_model_fcc_sd,cross_model_fcc_range,mean_crwr,median_crwr,cross_model_crwr_sd,cross_model_crwr_range,mean_fcc_minus_crwr,mean_fcc_judge_sd,mean_crwr_judge_sd,mean_turns,max_turns,mean_workspace_turns,closed_success_n,open_at_100_n,runtime_error_n,responsibility_chain_requirement_count,high_order_test_point_count,expected_evidence_channel_count,expected_turn_budget_category,expected_closure_within_100,handoff_is_transition_only,required_receipt_count,blocking_residual_risk_count,premature_closure_trap_count,responsibility_chain_burden_score,responsibility_chain_burden_level,evidence_integration_burden_score,evidence_integration_burden_level,friction_burden_score,friction_burden_level,temporal_burden_score,temporal_burden_level,closure_coordination_burden_score,closure_coordination_burden_level,contract_complexity_index,contract_complexity_level,disease_domain,target_problem,starting_phase,secondary_frictions,tool_dependency,high_order_capability_domains
case_CL120_EHR_001,10,0.6386975,0.64715,0.1326691842,0.4405,0.516732375,0.4991275,0.1703419137,0.59846875,0.121965125,0.1848021219,0.2239717601,10.5,25,4.6,10,0,0,6,4,5,medium,maybe,True,2,5,5,0,low,0,low,0,low,1,moderate,1,moderate,2,low,cardiovascular,chest_pain_acs_dissection,longitudinal_followup,misstated_family_or_patient_information | cost_transport_or_work_barrier,high,HO1 | HO2 | HO3 | HO4
case_CL120_EHR_002,10,0.7425,0.7854166667,0.1689715624,0.5958333333,0.5325625,0.4985416667,0.2691637489,0.8052083333,0.2099375,0.2130752399,0.2205482967,26.5,100,4.6,9,1,0,8,4,7,medium,maybe,True,2,5,5,2,high,2,high,0,low,1,moderate,1,moderate,6,moderate,cardiovascular,heart_failure_decompensation,longitudinal_followup,cost_transport_or_work_barrier | privacy_stigma_or_sensitive_history,high,HO1 | HO2 | HO3 | HO4
case_CL120_EHR_003,10,0.7894230769,0.8026442308,0.121026719,0.3831730769,0.6182764423,0.5687379808,0.1968381097,0.6059134615,0.1711466346,0.1742961742,0.2142815016,12.5,30,3,9,0,1,8,4,7,medium,yes,True,2,5,5,2,high,2,high,0,low,1,moderate,1,moderate,6,moderate,cardiovascular,atrial_fibrillation_anticoagulation,discharge_transition,privacy_stigma_or_sensitive_history | incomplete_patient_information,high,HO1 | HO2 | HO3 | HO4
case_CL120_EHR_004,10,0.5604857143,0.57125,0.1414753705,0.4543214286,0.4511,0.4258303571,0.1794970985,0.6201696429,0.1093857143,0.1658984053,0.2166329008,7,18,2.3,10,0,0,7,4,7,medium,maybe,True,3,5,5,1,moderate,2,high,0,low,1,moderate,2,high,6,moderate,dermatology_ent_ophthalmology,cataract_postoperative_medication_and_followup,discharge_transition,incomplete_patient_information | medication_confusion_or_execution_failure,high,HO1 | HO2 | HO3 | HO4
case_CL120_EHR_005,10,0.7701818182,0.7482954545,0.07120783514,0.2090909091,0.617625,0.6825284091,0.1794290448,0.6184375,0.1525568182,0.1243142466,0.1841273007,3.5,7,1,10,0,0,8,4,8,short,yes,False,3,5,5,2,high,2,high,0,low,0,low,1,moderate,5,moderate,cardiovascular,syncope,pre_handoff,medication_confusion_or_execution_failure | caregiver_conflict_or_fatigue,high,HO1 | HO2 | HO3 | HO4
case_CL120_EHR_006,10,0.9089903846,0.9288461538,0.05752300881,0.1889423077,0.8081826923,0.8769230769,0.1561107524,0.4039663462,0.1008076923,0.1224898739,0.2235745495,6.6,16,1.3,10,0,0,7,4,7,short,yes,False,3,5,5,1,moderate,2,high,0,low,0,low,1,moderate,4,moderate,cardiovascular,chest_pain_acs_dissection,pre_handoff,caregiver_conflict_or_fatigue | document_or_image_quality_problem,high,HO1 | HO2 | HO3 | HO4
case_CL120_EHR_007,10,0.82,0.8375,0.1218748219,0.3666666667,0.5261458333,0.5571875,0.1730131822,0.6095833333,0.2938541667,0.1185910513,0.2755118711,7.7,14,4,10,0,0,8,4,7,medium,maybe,True,2,4,4,2,high,2,high,1,moderate,1,moderate,1,moderate,7,high,cardiovascular,heart_failure_decompensation,post_handoff,document_or_image_quality_problem | delayed_or_staged_result_return,high,HO1 | HO2 | HO3 | HO4
case_CL120_EHR_008,10,0.8533333333,0.8541666667,0.06812977812,0.2416666667,0.6202083333,0.554375,0.1608947422,0.449375,0.233125,0.1970879757,0.2649364673,26.6,69,5.5,10,0,0,8,4,6,medium,maybe,True,2,5,5,2,high,1,moderate,1,moderate,1,moderate,1,moderate,6,moderate,cardiovascular,atrial_fibrillation_anticoagulation,post_handoff,delayed_or_staged_result_return | low_adherence_or_refusal,high,HO1 | HO2 | HO3 | HO4
case_CL120_EHR_009,10,0.8636384615,0.8988461538,0.1470790098,0.5397115385,0.7102658654,0.7424879808,0.1762065769,0.6510961538,0.1533725962,0.1675267059,0.2416272294,17.1,27,3.8,10,0,0,7,4,5,medium,yes,True,2,5,5,1,moderate,0,low,1,moderate,1,moderate,1,moderate,4,moderate,cardiovascular,hypertension_urgency,result_return,low_adherence_or_refusal | external_system_gap,high,HO1 | HO2 | HO3 | HO4
case_CL120_EHR_010,10,0.753125,0.7551136364,0.08492683789,0.3289772727,0.6518039773,0.7245738636,0.1461343861,0.4282386364,0.1013210227,0.1504232616,0.2605762926,14.3,20,3.9,9,0,1,8,4,7,medium,yes,True,2,5,5,2,high,2,high,1,moderate,1,moderate,1,moderate,7,high,cardiovascular,syncope,result_return,external_system_gap | misstated_family_or_patient_information,high,HO1 | HO2 | HO3 | HO4
case_CL120_EHR_011,10,0.790225,0.80975,0.1129313093,0.3725,0.690605625,0.72421875,0.1957193674,0.6869125,0.099619375,0.1830037607,0.2524154448,24.7,59,3.6,10,0,0,8,4,6,medium,yes,False,2,4,5,2,high,1,moderate,1,moderate,1,moderate,0,low,5,moderate,cardiovascular,chest_pain_acs_dissection,home_execution_failure,misstated_family_or_patient_information | cost_transport_or_work_barrier,high,HO1 | HO2 | HO3 | HO4
case_CL120_EHR_012,10,0.8916666667,0.88125,0.07269609496,0.2416666667,0.7062291667,0.7151041667,0.1637305822,0.50875,0.1854375,0.1307344099,0.2379507766,46.9,100,10.6,9,1,0,8,4,7,medium,maybe,True,2,5,5,2,high,2,high,1,moderate,1,moderate,1,moderate,7,high,cardiovascular,heart_failure_decompensation,longitudinal_followup,cost_transport_or_work_barrier | privacy_stigma_or_sensitive_history,high,HO1 | HO2 | HO3 | HO4
case_CL120_EHR_013,10,0.7889477273,0.7934318182,0.1216701913,0.4071590909,0.6404238636,0.64296875,0.2198843213,0.6131988636,0.1485238636,0.1670381086,0.2651346047,8.9,26,3,10,0,0,8,4,6,medium,maybe,True,2,5,5,2,high,1,moderate,1,moderate,1,moderate,1,moderate,6,moderate,cardiovascular,atrial_fibrillation_anticoagulation,longitudinal_followup,privacy_stigma_or_sensitive_history | incomplete_patient_information,high,HO1 | HO2 | HO3 | HO4
case_CL120_EHR_014,10,0.704025,0.711625,0.1283246104,0.501,0.58654375,0.5896875,0.2034124062,0.7571,0.11748125,0.1292984426,0.1911809104,9.7,13,3.2,10,0,0,7,4,8,medium,yes,True,2,5,5,1,moderate,2,high,1,moderate,1,moderate,1,moderate,6,moderate,cardiovascular,hypertension_urgency,discharge_transition,incomplete_patient_information | medication_confusion_or_execution_failure,high,HO1 | HO2 | HO3 | HO4
case_CL120_EHR_015,10,0.7402840909,0.734375,0.1297634355,0.4443181818,0.6138636364,0.7022727273,0.2580961075,0.7581818182,0.1264204545,0.1672639943,0.218375765,19,30,4.7,10,0,0,8,4,7,long,maybe,True,3,5,5,2,high,2,high,2,high,2,high,2,high,10,high,respiratory,suspected_pulmonary_embolism_result_and_anticoagulation_followup,result_return,medication_confusion_or_execution_failure | caregiver_conflict_or_fatigue,high,HO1 | HO2 | HO3 | HO4
case_CL120_EHR_016,10,0.791,0.8,0.07224264668,0.2925,0.6126625,0.64625,0.1428368065,0.4165,0.1783375,0.1766541456,0.2217213482,4.3,6,1.3,10,0,0,7,4,7,long,maybe,False,3,5,5,1,moderate,2,high,2,high,2,high,1,moderate,8,high,respiratory,pneumonia,pre_handoff,caregiver_conflict_or_fatigue | document_or_image_quality_problem,high,HO1 | HO2 | HO3 | HO4
case_CL120_EHR_017,10,0.8441783333,0.83985,0.05818491693,0.1816666667,0.7826358333,0.8058333333,0.0997586397,0.2875,0.0615425,0.1589808463,0.2421740306,45.8,73,8.2,10,0,0,7,4,7,long,maybe,True,2,5,5,1,moderate,2,high,2,high,2,high,1,moderate,8,high,respiratory,lung_nodule_mass,post_handoff,document_or_image_quality_problem | delayed_or_staged_result_return,high,HO1 | HO2 | HO3 | HO4
case_CL120_EHR_018,10,0.7848477273,0.8256136364,0.1405575435,0.5170909091,0.5716528409,0.6049090909,0.2090194637,0.7099375,0.2131948864,0.2029211152,0.2424690484,17.7,39,5.3,10,0,0,7,4,6,extra_long,no,True,2,5,5,1,moderate,1,moderate,2,high,2,high,1,moderate,7,high,respiratory,pulmonary_embolism,post_handoff,delayed_or_staged_result_return | low_adherence_or_refusal,high,HO1 | HO2 | HO3 | HO4
case_CL120_EHR_019,10,0.783,0.80875,0.09928997935,0.2825,0.672125,0.68375,0.1365395318,0.495375,0.110875,0.171811065,0.2725195808,12.1,26,5.7,10,0,0,8,4,7,medium,maybe,True,2,5,5,2,high,2,high,0,low,1,moderate,1,moderate,6,moderate,respiratory,home_oxygen_or_inhaler_execution,post_handoff,low_adherence_or_refusal | external_system_gap,high,HO1 | HO2 | HO3 | HO4
case_CL120_EHR_020,10,0.4676318182,0.4541363636,0.06421984516,0.1981818182,0.3213668182,0.3126448864,0.0711539015,0.2218636364,0.146265,0.1427466114,0.1824600998,7.1,35,2.5,10,0,0,8,4,6,medium,yes,True,2,5,4,2,high,1,moderate,0,low,1,moderate,1,moderate,5,moderate,respiratory,asthma_copd_exacerbation,result_return,external_system_gap | misstated_family_or_patient_information,high,HO1 | HO2 | HO3 | HO4
case_CL120_EHR_021,10,0.723125,0.6897727273,0.1244785223,0.3823863636,0.5463267045,0.5076704545,0.1851701386,0.6163920455,0.1767982955,0.2127631639,0.281002685,70,100,13.3,5,5,0,7,4,6,medium,yes,True,2,5,5,1,moderate,1,moderate,0,low,1,moderate,1,moderate,4,moderate,respiratory,pneumonia,result_return,misstated_family_or_patient_information | cost_transport_or_work_barrier,high,HO1 | HO2 | HO3 | HO4
case_CL120_EHR_022,10,0.65125,0.6104166667,0.1202290927,0.3375,0.3661458333,0.2969791667,0.1887680099,0.6583333333,0.2851041667,0.1782593726,0.2145503016,7.3,11,3.5,10,0,0,8,4,7,medium,yes,False,2,5,5,2,high,2,high,0,low,1,moderate,0,low,5,moderate,respiratory,lung_nodule_mass,home_execution_failure,cost_transport_or_work_barrier | privacy_stigma_or_sensitive_history,high,HO1 | HO2 | HO3 | HO4
case_CL120_EHR_023,10,0.7884134615,0.7764423077,0.1668107743,0.5942307692,0.4346875,0.4804447115,0.1504980318,0.5131490385,0.3537259615,0.1576581095,0.2631574298,14.4,27,2.4,10,0,0,8,4,7,medium,maybe,True,2,5,5,2,high,2,high,0,low,1,moderate,1,moderate,6,moderate,respiratory,pulmonary_embolism,longitudinal_followup,privacy_stigma_or_sensitive_history | incomplete_patient_information,high,HO1 | HO2 | HO3 | HO4
case_CL120_EHR_024,10,0.6450595238,0.6357142857,0.1356191396,0.3989880952,0.4583502976,0.450297619,0.2335904676,0.597077381,0.1867092262,0.1668098921,0.2441277512,7.1,13,2.7,10,0,0,7,4,7,medium,maybe,True,2,5,5,1,moderate,2,high,1,moderate,1,moderate,1,moderate,6,moderate,respiratory,home_oxygen_or_inhaler_execution,longitudinal_followup,incomplete_patient_information | medication_confusion_or_execution_failure,high,HO1 | HO2 | HO3 | HO4
case_CL120_EHR_025,10,0.8686339286,0.8700892857,0.09327017046,0.2496071429,0.6916933929,0.7295758929,0.221742667,0.7330098214,0.1769405357,0.1851014604,0.2457159569,70.2,100,11,6,3,1,8,4,8,medium,yes,True,2,5,5,2,high,2,high,1,moderate,1,moderate,1,moderate,7,high,respiratory,asthma_copd_exacerbation,discharge_transition,medication_confusion_or_execution_failure | caregiver_conflict_or_fatigue,high,HO1 | HO2 | HO3 | HO4
case_CL120_EHR_026,10,0.83125,0.83125,0.1133800455,0.4583333333,0.5193958333,0.5021875,0.2168199067,0.6454166667,0.3118541667,0.2047020695,0.2188439804,67.3,100,6.5,5,5,0,8,4,7,medium,maybe,False,2,6,6,2,high,2,high,1,moderate,1,moderate,2,high,8,high,respiratory,pneumonia,palliative_terminal,caregiver_conflict_or_fatigue | document_or_image_quality_problem,high,HO1 | HO2 | HO3 | HO4
case_CL120_EHR_027,10,0.6804446429,0.6921875,0.09544871254,0.3080357143,0.4688810714,0.5155709821,0.2115027152,0.6426116071,0.2115635714,0.210114504,0.2363507036,4.8,9,1.8,10,0,0,7,4,7,medium,yes,False,3,5,5,1,moderate,2,high,1,moderate,1,moderate,1,moderate,6,moderate,endocrine_metabolic,diabetes_sick_day,pre_handoff,document_or_image_quality_problem | delayed_or_staged_result_return,high,HO1 | HO2 | HO3 | HO4
case_CL120_EHR_028,10,0.5177083333,0.5610119048,0.2600328549,0.7339285714,0.3115282738,0.3375074405,0.1876928114,0.581875,0.2061800595,0.2407612593,0.269202894,40.7,100,9.6,9,1,0,7,4,5,medium,maybe,True,2,5,5,1,moderate,0,low,1,moderate,1,moderate,1,moderate,4,moderate,endocrine_metabolic,hypoglycemia,post_handoff,delayed_or_staged_result_return | low_adherence_or_refusal,high,HO1 | HO2 | HO3 | HO4
case_CL120_EHR_029,10,0.81401,0.8265,0.1402197341,0.3816666667,0.7257756667,0.823125,0.2179210438,0.5509541667,0.08823433333,0.1356201789,0.2673436831,36,100,8.5,9,1,0,8,4,7,medium,maybe,True,2,5,5,2,high,2,high,1,moderate,1,moderate,1,moderate,7,high,endocrine_metabolic,thyroid_dysfunction,post_handoff,low_adherence_or_refusal | external_system_gap,high,HO1 | HO2 | HO3 | HO4
case_CL120_EHR_030,10,0.6780357143,0.6678571429,0.1457213978,0.4303571429,0.4403125,0.3542410714,0.2273761621,0.6971428571,0.2377232143,0.1909298942,0.2213220153,61.7,100,9.6,5,5,0,7,4,5,medium,maybe,True,2,6,5,1,moderate,0,low,1,moderate,1,moderate,2,high,5,moderate,endocrine_metabolic,steroid_or_insulin_adjustment,post_handoff,external_system_gap | misstated_family_or_patient_information,high,HO1 | HO2 | HO3 | HO4
case_CL120_EHR_031,10,0.7545,0.77625,0.1455193783,0.5341666667,0.5408514881,0.5089270833,0.2298663648,0.7470357143,0.2136485119,0.1589454133,0.2888014676,10.1,31,4.1,10,0,0,7,4,7,medium,yes,True,2,4,5,1,moderate,2,high,1,moderate,1,moderate,1,moderate,6,moderate,endocrine_metabolic,obesity_sleep_apnea_metabolic_risk,result_return,misstated_family_or_patient_information | cost_transport_or_work_barrier,high,HO1 | HO2 | HO3 | HO4
case_CL120_EHR_032,10,0.7270833333,0.7666666667,0.2173327102,0.6375,0.4632916667,0.5011458333,0.2681961476,0.873125,0.2637916667,0.213737408,0.2788359362,52.5,100,5.6,8,2,0,6,4,5,medium,yes,True,2,5,5,0,low,0,low,1,moderate,1,moderate,1,moderate,3,low,endocrine_metabolic,diabetes_sick_day,result_return,cost_transport_or_work_barrier | privacy_stigma_or_sensitive_history,high,HO1 | HO2 | HO3 | HO4
case_CL120_EHR_033,10,0.6133727273,0.6045454545,0.20006851,0.5349545455,0.4968818182,0.4440340909,0.2371548557,0.6579772727,0.1164909091,0.1916548889,0.2607912257,19,59,4,10,0,0,8,4,7,long,maybe,False,2,6,6,2,high,2,high,2,high,2,high,2,high,10,high,endocrine_metabolic,hypoglycemia,home_execution_failure,privacy_stigma_or_sensitive_history | incomplete_patient_information,high,HO1 | HO2 | HO3 | HO4
case_CL120_EHR_034,10,0.7617613636,0.7872159091,0.09900755264,0.3454545455,0.5332585227,0.5207386364,0.1604304462,0.4658522727,0.2285028409,0.175710438,0.238346228,36.9,74,11.7,10,0,0,6,4,5,long,maybe,True,2,5,5,0,low,0,low,2,high,2,high,1,moderate,5,moderate,endocrine_metabolic,thyroid_dysfunction,longitudinal_followup,incomplete_patient_information | medication_confusion_or_execution_failure,high,HO1 | HO2 | HO3 | HO4
case_CL120_EHR_035,10,0.8670833333,0.9083333333,0.0925797329,0.3083333333,0.5695,0.5602083333,0.2317253036,0.68375,0.2975833333,0.2612340488,0.3006470158,65.4,100,10.4,5,4,1,7,4,8,extra_long,no,True,2,5,5,1,moderate,2,high,2,high,2,high,1,moderate,8,high,endocrine_metabolic,steroid_or_insulin_adjustment,longitudinal_followup,medication_confusion_or_execution_failure | caregiver_conflict_or_fatigue,high,HO1 | HO2 | HO3 | HO4
case_CL120_EHR_036,10,0.73575,0.73875,0.07828673259,0.2125,0.4229125,0.4043125,0.1924761921,0.515375,0.3128375,0.221266703,0.3120162634,52.4,100,8.4,8,1,1,8,4,6,medium,yes,True,2,5,5,2,high,1,moderate,0,low,1,moderate,1,moderate,5,moderate,endocrine_metabolic,obesity_sleep_apnea_metabolic_risk,discharge_transition,caregiver_conflict_or_fatigue | document_or_image_quality_problem,high,HO1 | HO2 | HO3 | HO4
case_CL120_EHR_037,10,0.8004166667,0.9020833333,0.226311379,0.6708333333,0.6102291667,0.6096875,0.2306291299,0.7952083333,0.1901875,0.2456041444,0.3143397446,39,95,12.9,9,0,1,8,4,6,medium,maybe,True,3,5,5,2,high,1,moderate,0,low,1,moderate,2,high,6,moderate,endocrine_metabolic,diabetic_foot_wound_and_sick_day_medication_safety,home_execution_failure,document_or_image_quality_problem | delayed_or_staged_result_return,high,HO1 | HO2 | HO3 | HO4
case_CL120_EHR_038,10,0.8,0.7958333333,0.0929643002,0.35,0.5877708333,0.549375,0.1863427493,0.6275,0.2122291667,0.1493838864,0.2755258287,31.2,89,7.4,10,0,0,8,4,7,short,yes,True,3,5,5,2,high,2,high,0,low,0,low,2,high,6,moderate,endocrine_metabolic,postoperative_glucose_variability_and_medication_safety,home_execution_failure,delayed_or_staged_result_return | low_adherence_or_refusal,high,HO1 | HO2 | HO3 | HO4
case_CL120_EHR_039,10,0.7363711538,0.7491346154,0.1418812118,0.5167884615,0.4603838462,0.4075985577,0.2487509966,0.7958759615,0.2759873077,0.2679481842,0.3336623061,13.9,27,4.4,10,0,0,5,4,5,medium,maybe,True,2,5,5,0,low,0,low,0,low,1,moderate,1,moderate,2,low,renal_urology,ckd_med_reconciliation,post_handoff,low_adherence_or_refusal | external_system_gap,high,HO1 | HO2 | HO3 | HO4
case_CL120_EHR_040,10,0.6130357143,0.5875,0.1151558671,0.3625,0.4779107143,0.4692410714,0.2271436861,0.646875,0.135125,0.1853119224,0.2051055725,10.1,16,3.8,10,0,0,7,4,5,medium,maybe,True,2,5,5,1,moderate,0,low,0,low,1,moderate,1,moderate,3,low,renal_urology,uti_culture_action,post_handoff,external_system_gap | misstated_family_or_patient_information,high,HO1 | HO2 | HO3 | HO4
case_CL120_EHR_041,10,0.7376785714,0.7145833333,0.1443878312,0.4827380952,0.5925386905,0.5212797619,0.2131227571,0.6979464286,0.145139881,0.2024094592,0.300817435,19.3,55,5.7,9,0,1,8,4,7,medium,yes,True,3,5,5,2,high,2,high,1,moderate,1,moderate,2,high,8,high,renal_urology,renal_function_abnormality_warning_and_result_followup,result_return,misstated_family_or_patient_information | cost_transport_or_work_barrier,high,HO1 | HO2 | HO3 | HO4
case_CL120_EHR_042,10,0.8504166667,0.8458333333,0.06429235526,0.2666666667,0.6346875,0.675,0.226473287,0.7433333333,0.2157291667,0.1550563147,0.2575731276,8.1,14,3.6,10,0,0,8,4,6,medium,yes,True,2,5,5,2,high,1,moderate,1,moderate,1,moderate,1,moderate,6,moderate,renal_urology,stone_colic,result_return,cost_transport_or_work_barrier | privacy_stigma_or_sensitive_history,high,HO1 | HO2 | HO3 | HO4
case_CL120_EHR_043,10,0.7783333333,0.8208333333,0.1460688574,0.5333333333,0.6611666667,0.7114583333,0.2149984496,0.7716666667,0.1171666667,0.1665357563,0.2508585265,23.2,62,3.1,9,0,1,8,4,6,medium,yes,False,2,5,5,2,high,1,moderate,1,moderate,1,moderate,0,low,5,moderate,renal_urology,anticoagulation_and_hematuria,home_execution_failure,privacy_stigma_or_sensitive_history | incomplete_patient_information,high,HO1 | HO2 | HO3 | HO4
case_CL120_EHR_044,10,0.7829166667,0.8270833333,0.1889889951,0.6875,0.6758541667,0.69375,0.2641738539,0.890625,0.1070625,0.1460906049,0.2479553344,30.7,75,6.8,10,0,0,7,4,7,medium,yes,False,2,5,5,1,moderate,2,high,1,moderate,1,moderate,0,low,5,moderate,renal_urology,ckd_med_reconciliation,home_execution_failure,incomplete_patient_information | medication_confusion_or_execution_failure,high,HO1 | HO2 | HO3 | HO4
case_CL120_EHR_045,10,0.7363636364,0.7363636364,0.1556780856,0.4465909091,0.4075568182,0.3949147727,0.1795106078,0.6150568182,0.3288068182,0.1744482968,0.2594863899,17.6,35,5,10,0,0,7,4,8,medium,maybe,True,2,5,5,1,moderate,2,high,1,moderate,1,moderate,1,moderate,6,moderate,renal_urology,uti_culture_action,longitudinal_followup,medication_confusion_or_execution_failure | caregiver_conflict_or_fatigue,high,HO1 | HO2 | HO3 | HO4
case_CL120_EHR_046,10,0.87,0.905,0.1044988038,0.34,0.70665,0.6615,0.2384950786,0.741,0.16335,0.2434684234,0.2943053476,73.2,100,6.9,4,6,0,7,4,7,medium,maybe,True,2,5,5,1,moderate,2,high,1,moderate,1,moderate,1,moderate,6,moderate,renal_urology,aki_warning,longitudinal_followup,caregiver_conflict_or_fatigue | document_or_image_quality_problem,high,HO1 | HO2 | HO3 | HO4
case_CL120_EHR_047,10,0.5669818182,0.5362159091,0.1753105223,0.6392045455,0.4533244318,0.4216363636,0.1624605568,0.6044034091,0.1136573864,0.166549479,0.1862914161,14.5,21,3.4,10,0,0,8,4,7,medium,yes,True,2,5,5,2,high,2,high,1,moderate,1,moderate,1,moderate,7,high,renal_urology,stone_colic,discharge_transition,document_or_image_quality_problem | delayed_or_staged_result_return,high,HO1 | HO2 | HO3 | HO4
case_CL120_EHR_048,10,0.6749431818,0.7122159091,0.1728316166,0.6284090909,0.5054971591,0.4617755682,0.2064510936,0.7480681818,0.1694460227,0.1623013209,0.2485057718,22.5,63,4.8,9,0,1,8,4,6,medium,maybe,True,3,5,5,2,high,1,moderate,1,moderate,1,moderate,2,high,7,high,renal_urology,renal_function_electrolyte_and_urine_color_medication_safety,home_execution_failure,delayed_or_staged_result_return | low_adherence_or_refusal,high,HO1 | HO2 | HO3 | HO4
case_CL120_EHR_049,10,0.8321519231,0.8434807692,0.06826842548,0.2248076923,0.69751875,0.7490432692,0.1155215083,0.3642980769,0.1346331731,0.1535583459,0.2144453558,7.1,14,3,10,0,0,7,4,5,medium,yes,True,3,5,5,1,moderate,0,low,1,moderate,1,moderate,2,high,5,moderate,respiratory,pulmonary_sequestration_interventional_planning_and_cost_barrier,pre_handoff,low_adherence_or_refusal | external_system_gap,high,HO1 | HO2 | HO3 | HO4
case_CL120_EHR_050,10,0.5485227273,0.5511363636,0.1126978861,0.3909090909,0.3680170455,0.40078125,0.1801573487,0.546875,0.1805056818,0.1499020199,0.1710835795,42.1,100,10.6,7,2,1,8,4,7,long,maybe,True,2,5,5,2,high,2,high,2,high,2,high,1,moderate,9,high,gastro_hepatology,viral_hepatitis_cirrhosis,post_handoff,external_system_gap | misstated_family_or_patient_information,high,HO1 | HO2 | HO3 | HO4
case_CL120_EHR_051,10,0.69904,0.7390625,0.1957598807,0.649275,0.543769125,0.557265,0.2468682613,0.7876825,0.155270875,0.1796475591,0.2738930035,36.1,81,9.2,9,0,1,7,4,6,long,maybe,True,2,5,5,1,moderate,1,moderate,2,high,2,high,1,moderate,7,high,gastro_hepatology,abdominal_pain,post_handoff,misstated_family_or_patient_information | cost_transport_or_work_barrier,high,HO1 | HO2 | HO3 | HO4
case_CL120_EHR_052,10,0.8070545455,0.8454204545,0.1726069836,0.5926136364,0.6219423864,0.6377130682,0.2707627726,0.8071875,0.1851121591,0.1656759256,0.2277795331,26.4,100,9.3,8,1,1,7,4,6,extra_long,no,True,2,5,5,1,moderate,1,moderate,2,high,2,high,1,moderate,7,high,gastro_hepatology,pancreatitis,result_return,cost_transport_or_work_barrier | privacy_stigma_or_sensitive_history,high,HO1 | HO2 | HO3 | HO4
case_CL120_EHR_053,10,0.7603788462,0.7848557692,0.1360983845,0.4216346154,0.6900206731,0.7058894231,0.1570144714,0.5171346154,0.07035817308,0.1616995413,0.2239490934,6,15,2.9,10,0,0,8,4,5,medium,yes,True,3,4,4,2,high,0,low,0,low,1,moderate,2,high,5,moderate,renal_urology,lupus_nephritis_steroid_and_followup_after_negative_covid_result,result_return,privacy_stigma_or_sensitive_history | incomplete_patient_information,high,HO1 | HO2 | HO3 | HO4
case_CL120_EHR_054,10,0.5044318182,0.4875,0.115915998,0.4357954545,0.3092414773,0.3031818182,0.1224060783,0.4154829545,0.1951903409,0.171616466,0.2438499185,6.8,10,3.9,10,0,0,7,4,7,medium,yes,False,2,5,5,1,moderate,2,high,0,low,1,moderate,0,low,4,moderate,gastro_hepatology,gi_bleeding,home_execution_failure,incomplete_patient_information | medication_confusion_or_execution_failure,high,HO1 | HO2 | HO3 | HO4
case_CL120_EHR_055,10,0.6816666667,0.6791666667,0.124432043,0.475,0.600125,0.6058333333,0.141759657,0.53125,0.08154166667,0.1930884921,0.274790004,15.8,43,5.1,10,0,0,8,4,7,medium,yes,False,2,5,5,2,high,2,high,0,low,1,moderate,0,low,5,moderate,gastro_hepatology,viral_hepatitis_cirrhosis,home_execution_failure,medication_confusion_or_execution_failure | caregiver_conflict_or_fatigue,high,HO1 | HO2 | HO3 | HO4
case_CL120_EHR_056,10,0.8489227273,0.9394545455,0.2128114762,0.7439318182,0.7651225,0.821875,0.2551180699,0.8819670455,0.08380022727,0.1282195398,0.2291796708,19.7,67,7.5,9,0,1,7,4,7,medium,maybe,True,2,6,6,1,moderate,2,high,0,low,1,moderate,2,high,6,moderate,gastro_hepatology,abdominal_pain,longitudinal_followup,caregiver_conflict_or_fatigue | document_or_image_quality_problem,high,HO1 | HO2 | HO3 | HO4
case_CL120_EHR_057,10,0.6360392857,0.6458482143,0.1010934415,0.3261964286,0.481895,0.5248794643,0.1577413332,0.54776875,0.1541442857,0.1517763138,0.1557666563,7.5,16,2.2,10,0,0,7,4,5,medium,yes,True,2,4,5,1,moderate,0,low,0,low,1,moderate,1,moderate,3,low,gastro_hepatology,pancreatitis,discharge_transition,document_or_image_quality_problem | delayed_or_staged_result_return,high,HO1 | HO2 | HO3 | HO4
case_CL120_EHR_058,10,0.7329166667,0.8333333333,0.2264800856,0.7416666667,0.4966875,0.5957291667,0.2595308342,0.7929166667,0.2362291667,0.1588264588,0.2396355256,7.4,12,3.6,10,0,0,7,4,7,medium,yes,True,2,5,5,1,moderate,2,high,1,moderate,1,moderate,1,moderate,6,moderate,gastro_hepatology,colonoscopy_or_pathology_followup,discharge_transition,delayed_or_staged_result_return | low_adherence_or_refusal,high,HO1 | HO2 | HO3 | HO4
case_CL120_EHR_059,10,0.77767,0.7825,0.1138232125,0.3879166667,0.618292,0.5620979167,0.2036162885,0.6844583333,0.159378,0.1325582815,0.2500354923,19.5,45,3.8,10,0,0,8,4,7,medium,yes,False,3,5,5,2,high,2,high,1,moderate,1,moderate,1,moderate,7,high,gastro_hepatology,gi_bleeding,pre_handoff,low_adherence_or_refusal | external_system_gap,high,HO1 | HO2 | HO3 | HO4
case_CL120_EHR_060,10,0.1425,0.16,0.06666145813,0.2225,0.07825,0.07925,0.04836879805,0.13925,0.06425,0.07392322265,0.03450587096,1,1,0.4,0,0,10,8,4,7,medium,yes,False,3,5,5,2,high,2,high,1,moderate,1,moderate,1,moderate,7,high,gastro_hepatology,viral_hepatitis_cirrhosis,pre_handoff,external_system_gap | misstated_family_or_patient_information,high,HO1 | HO2 | HO3 | HO4
case_CL120_EHR_061,10,0.7720833333,0.8145833333,0.1587062494,0.5416666667,0.568875,0.5911458333,0.2488110129,0.69125,0.2032083333,0.1835096623,0.2289641163,14.1,24,4.6,10,0,0,7,4,7,medium,maybe,True,2,5,5,1,moderate,2,high,1,moderate,1,moderate,1,moderate,6,moderate,neurology,stroke_tia,post_handoff,misstated_family_or_patient_information | cost_transport_or_work_barrier,high,HO1 | HO2 | HO3 | HO4
case_CL120_EHR_062,10,0.76625,0.7583333333,0.06717126742,0.2166666667,0.6486458333,0.6395833333,0.0968806562,0.3,0.1176041667,0.1067486303,0.137081302,6,10,2.6,10,0,0,6,4,5,medium,maybe,True,3,4,5,0,low,0,low,1,moderate,1,moderate,2,high,4,moderate,neurology,limb_numbness_weakness_preoperative_medication_and_followup,pre_handoff,cost_transport_or_work_barrier | privacy_stigma_or_sensitive_history,high,HO1 | HO2 | HO3 | HO4
case_CL120_EHR_063,10,0.7063961538,0.7300673077,0.1239741372,0.4230769231,0.4992003846,0.4761778846,0.1712237996,0.5542307692,0.2071957692,0.1777632675,0.2537209948,9.7,20,1.8,10,0,0,9,4,5,medium,yes,True,2,5,5,2,high,0,low,1,moderate,1,moderate,1,moderate,5,moderate,neurology,headache_red_flag,result_return,privacy_stigma_or_sensitive_history | incomplete_patient_information,high,HO1 | HO2 | HO3 | HO4
case_CL120_EHR_064,10,0.5232954545,0.5338068182,0.0837466078,0.3017045455,0.3488494318,0.3229119318,0.1115788572,0.4178125,0.1744460227,0.1930837787,0.2311681406,14.5,28,4.8,10,0,0,6,4,5,medium,yes,True,2,5,5,0,low,0,low,1,moderate,1,moderate,1,moderate,3,low,neurology,dementia_delirium,result_return,incomplete_patient_information | medication_confusion_or_execution_failure,high,HO1 | HO2 | HO3 | HO4
case_CL120_EHR_065,10,0.6891666667,0.7541666667,0.1575881587,0.4916666667,0.4527083333,0.3708333333,0.2731188342,0.74625,0.2364583333,0.1627636507,0.221354703,7,13,3,10,0,0,7,4,7,medium,yes,False,2,5,5,1,moderate,2,high,1,moderate,1,moderate,0,low,5,moderate,neurology,neuropathy_or_fall,home_execution_failure,medication_confusion_or_execution_failure | caregiver_conflict_or_fatigue,high,HO1 | HO2 | HO3 | HO4
case_CL120_EHR_066,10,0.85575,0.855,0.09181537181,0.29,0.7150375,0.7196875,0.1971367233,0.7515,0.1407125,0.1446972737,0.2085016957,13.4,28,3,10,0,0,8,4,5,medium,yes,False,2,5,5,2,high,0,low,1,moderate,1,moderate,0,low,4,moderate,neurology,stroke_tia,home_execution_failure,caregiver_conflict_or_fatigue | document_or_image_quality_problem,high,HO1 | HO2 | HO3 | HO4
case_CL120_EHR_067,10,0.8125,0.8583333333,0.1258443704,0.4,0.6540833333,0.66875,0.1752709014,0.5625,0.1584166667,0.2402655333,0.2948800416,30.2,100,3.3,9,1,0,8,4,7,long,maybe,True,2,5,5,2,high,2,high,2,high,2,high,1,moderate,9,high,neurology,seizure,longitudinal_followup,document_or_image_quality_problem | delayed_or_staged_result_return,high,HO1 | HO2 | HO3 | HO4
case_CL120_EHR_068,10,0.7713392857,0.794047619,0.1422681963,0.4550595238,0.7000625,0.7320684524,0.165761319,0.5228422619,0.07127678571,0.1938939786,0.2674061133,20.1,32,4.2,9,0,1,7,4,5,long,maybe,True,2,5,5,1,moderate,0,low,2,high,2,high,1,moderate,6,moderate,neurology,headache_red_flag,discharge_transition,delayed_or_staged_result_return | low_adherence_or_refusal,high,HO1 | HO2 | HO3 | HO4
case_CL120_EHR_069,10,0.8332519231,0.8375961538,0.1228905285,0.4225961538,0.7138273077,0.7490384615,0.2402570805,0.6938701923,0.1194246154,0.2001361798,0.2752702911,68,100,9.5,6,4,0,7,4,5,extra_long,no,True,2,5,5,1,moderate,0,low,2,high,2,high,1,moderate,6,moderate,neurology,dementia_delirium,discharge_transition,low_adherence_or_refusal | external_system_gap,high,HO1 | HO2 | HO3 | HO4
case_CL120_EHR_070,10,0.9080357143,0.9035714286,0.03758705881,0.1303571429,0.7825,0.7875,0.06889299832,0.2285714286,0.1255357143,0.09222199441,0.1682550338,8.7,21,2.1,10,0,0,6,4,5,short,yes,False,3,5,5,0,low,0,low,0,low,0,low,1,moderate,1,low,neurology,neuropathy_or_fall,pre_handoff,external_system_gap | misstated_family_or_patient_information,high,HO1 | HO2 | HO3 | HO4
case_CL120_EHR_071,10,0.559185,0.563125,0.1330443597,0.436375,0.437794375,0.425859375,0.136228098,0.42603125,0.121390625,0.1410586086,0.1670346351,5.8,14,2,10,0,0,7,4,5,short,yes,False,3,5,5,1,moderate,0,low,0,low,0,low,1,moderate,2,low,obstetrics_gynecology,pregnancy_med_safety,pre_handoff,misstated_family_or_patient_information | cost_transport_or_work_barrier,high,HO1 | HO2 | HO3 | HO4
case_CL120_EHR_072,10,0.8725,0.8645833333,0.08459872602,0.2291666667,0.7391875,0.7786458333,0.1725455971,0.5802083333,0.1333125,0.1241231595,0.2130005105,20.9,47,4.2,9,0,1,6,4,5,medium,maybe,True,2,5,5,0,low,0,low,0,low,1,moderate,1,moderate,2,low,obstetrics_gynecology,ectopic_or_bleeding,post_handoff,cost_transport_or_work_barrier | privacy_stigma_or_sensitive_history,high,HO1 | HO2 | HO3 | HO4
case_CL120_EHR_073,10,0.8974846154,0.9199519231,0.0870138136,0.2610576923,0.8429918269,0.9019230769,0.1366606034,0.3650240385,0.05449278846,0.137578863,0.1997704145,29.6,52,5.8,9,0,1,8,4,5,medium,maybe,True,2,5,5,2,high,0,low,0,low,1,moderate,1,moderate,4,moderate,obstetrics_gynecology,postpartum_warning,post_handoff,privacy_stigma_or_sensitive_history | incomplete_patient_information,high,HO1 | HO2 | HO3 | HO4
case_CL120_EHR_074,10,0.6047727273,0.621875,0.1336740439,0.3823863636,0.5646420455,0.5604403409,0.1737414586,0.5349715909,0.04013068182,0.1957608179,0.2394344937,6.8,12,2.8,10,0,0,6,4,5,medium,yes,True,2,5,5,0,low,0,low,0,low,1,moderate,1,moderate,2,low,obstetrics_gynecology,gynecologic_mass_pathway,result_return,incomplete_patient_information | medication_confusion_or_execution_failure,high,HO1 | HO2 | HO3 | HO4
case_CL120_EHR_075,10,0.5533696429,0.5460267857,0.1733455313,0.5732142857,0.4525401786,0.4855580357,0.188064195,0.6242410714,0.1008294643,0.1315983822,0.1733969136,7.8,12,3.4,10,0,0,7,4,5,medium,yes,True,2,5,5,1,moderate,0,low,1,moderate,1,moderate,1,moderate,4,moderate,obstetrics_gynecology,pregnancy_med_safety,result_return,medication_confusion_or_execution_failure | caregiver_conflict_or_fatigue,high,HO1 | HO2 | HO3 | HO4
case_CL120_EHR_076,10,0.86675,0.89,0.05207026503,0.1725,0.6701,0.6921875,0.1622350898,0.58425,0.19665,0.1309134503,0.1635829334,41.6,100,9.2,8,2,0,6,4,5,medium,yes,False,2,5,5,0,low,0,low,1,moderate,1,moderate,0,low,2,low,obstetrics_gynecology,ectopic_or_bleeding,home_execution_failure,caregiver_conflict_or_fatigue | document_or_image_quality_problem,high,HO1 | HO2 | HO3 | HO4
case_CL120_EHR_077,10,0.7032214286,0.7040178571,0.1663754299,0.435625,0.5956459821,0.5658482143,0.1678440038,0.4617633929,0.1075754464,0.1703849708,0.1673719977,6.7,9,3,10,0,0,7,4,5,medium,yes,False,2,4,4,1,moderate,0,low,1,moderate,1,moderate,0,low,3,low,obstetrics_gynecology,postpartum_warning,home_execution_failure,document_or_image_quality_problem | delayed_or_staged_result_return,high,HO1 | HO2 | HO3 | HO4
case_CL120_EHR_078,10,0.9203869048,0.9242559524,0.05812679818,0.181547619,0.8163244048,0.8324776786,0.1385040564,0.3785714286,0.1040625,0.1753444005,0.2156216379,47.1,100,9.1,9,1,0,7,4,5,medium,maybe,True,2,5,5,1,moderate,0,low,1,moderate,1,moderate,1,moderate,4,moderate,obstetrics_gynecology,gynecologic_mass_pathway,longitudinal_followup,delayed_or_staged_result_return | low_adherence_or_refusal,high,HO1 | HO2 | HO3 | HO4
case_CL120_EHR_079,10,0.8251461538,0.8634615385,0.1705055161,0.5874038462,0.6454110577,0.665625,0.1818357949,0.5944375,0.1797350962,0.2034509701,0.2337068887,22.7,40,4.2,10,0,0,7,4,5,medium,yes,True,2,5,5,1,moderate,0,low,1,moderate,1,moderate,1,moderate,4,moderate,pediatrics,fever_dehydration,discharge_transition,low_adherence_or_refusal | external_system_gap,high,HO1 | HO2 | HO3 | HO4
case_CL120_EHR_080,10,0.6210714286,0.625,0.1139302508,0.4625,0.45625,0.4178571429,0.143354636,0.546875,0.1648214286,0.2117200037,0.2522990948,9.4,18,4.2,10,0,0,8,4,5,medium,yes,True,2,5,5,2,high,0,low,1,moderate,1,moderate,1,moderate,5,moderate,pediatrics,type1_diabetes_vomiting,discharge_transition,external_system_gap | misstated_family_or_patient_information,high,HO1 | HO2 | HO3 | HO4
case_CL120_EHR_081,10,0.5933425,0.5788375,0.191819116,0.586625,0.519538125,0.448503125,0.2192498615,0.63903125,0.073804375,0.1553334552,0.1833423305,4.4,6,2.4,10,0,0,6,4,5,medium,yes,True,3,5,5,0,low,0,low,1,moderate,1,moderate,2,high,4,moderate,pediatrics,short_stature_growth_hormone_deficiency_and_scoliosis_followup,discharge_transition,misstated_family_or_patient_information | cost_transport_or_work_barrier,high,HO1 | HO2 | HO3 | HO4
case_CL120_EHR_082,10,0.7141666667,0.75625,0.1319880045,0.4291666667,0.6090625,0.621875,0.1188751625,0.3822916667,0.1051041667,0.1759616947,0.2164966736,6.7,12,3.1,10,0,0,7,4,5,medium,yes,False,3,5,5,1,moderate,0,low,1,moderate,1,moderate,1,moderate,4,moderate,pediatrics,caregiver_medication_error,pre_handoff,cost_transport_or_work_barrier | privacy_stigma_or_sensitive_history,high,HO1 | HO2 | HO3 | HO4
case_CL120_EHR_083,10,0.72025,0.7355769231,0.09856895996,0.3181730769,0.5945144231,0.5792668269,0.1361010718,0.4511298077,0.1257355769,0.1809201485,0.249574484,12.5,27,4.5,10,0,0,8,4,5,medium,maybe,True,2,4,5,2,high,0,low,1,moderate,1,moderate,1,moderate,5,moderate,pediatrics,fever_dehydration,post_handoff,privacy_stigma_or_sensitive_history | incomplete_patient_information,high,HO1 | HO2 | HO3 | HO4
case_CL120_EHR_084,10,0.7084659091,0.7002840909,0.1578720456,0.5079545455,0.5763181818,0.6370028409,0.2292778534,0.7498579545,0.1321477273,0.2561404782,0.2497842204,35.9,68,8.1,9,0,1,7,4,5,long,maybe,True,2,5,5,1,moderate,0,low,2,high,2,high,1,moderate,6,moderate,pediatrics,type1_diabetes_vomiting,post_handoff,incomplete_patient_information | medication_confusion_or_execution_failure,high,HO1 | HO2 | HO3 | HO4
case_CL120_EHR_085,10,0.6817125,0.7549107143,0.2472334955,0.787375,0.5608673214,0.6172433036,0.2602244853,0.8706205357,0.1208451786,0.2311204295,0.2332198857,18.8,100,7.4,9,1,0,5,4,5,long,maybe,True,2,5,5,0,low,0,low,2,high,2,high,1,moderate,5,moderate,pediatrics,asthma_child,result_return,medication_confusion_or_execution_failure | caregiver_conflict_or_fatigue,high,HO1 | HO2 | HO3 | HO4
case_CL120_EHR_086,10,0.844,0.855,0.0771621669,0.28,0.717375,0.7525,0.1925914474,0.6915,0.126625,0.1609659271,0.2165955723,15.2,39,4.2,10,0,0,7,4,5,long,maybe,True,2,4,4,1,moderate,0,low,2,high,2,high,1,moderate,6,moderate,pediatrics,caregiver_medication_error,result_return,caregiver_conflict_or_fatigue | document_or_image_quality_problem,high,HO1 | HO2 | HO3 | HO4
case_CL120_EHR_087,10,0.7813214286,0.7802767857,0.08397286597,0.340625,0.6096549107,0.6271205357,0.1495114347,0.6135044643,0.1716665179,0.1513453039,0.1864545176,24.4,37,3.8,9,0,1,7,4,5,medium,yes,False,2,5,5,1,moderate,0,low,0,low,1,moderate,0,low,2,low,oncology_hematology,new_mass_staging,home_execution_failure,document_or_image_quality_problem | delayed_or_staged_result_return,high,HO1 | HO2 | HO3 | HO4
case_CL120_EHR_088,10,0.6202083333,0.627827381,0.1262387914,0.4330357143,0.4374598214,0.4890997024,0.2060431209,0.7016815476,0.1827485119,0.1926700707,0.1955935121,6.8,12,3.3,10,0,0,6,4,5,medium,yes,False,2,5,5,0,low,0,low,0,low,1,moderate,0,low,1,low,oncology_hematology,chemotherapy_complication,home_execution_failure,delayed_or_staged_result_return | low_adherence_or_refusal,high,HO1 | HO2 | HO3 | HO4
case_CL120_EHR_089,10,0.9053365385,0.9420673077,0.09562050401,0.2730769231,0.8638600962,0.8685096154,0.1127139876,0.3223365385,0.04147644231,0.1043211458,0.1517535425,54.2,100,6.4,6,3,1,8,4,5,medium,maybe,True,2,5,5,2,high,0,low,0,low,1,moderate,1,moderate,4,moderate,oncology_hematology,anemia_bleeding,longitudinal_followup,low_adherence_or_refusal | external_system_gap,high,HO1 | HO2 | HO3 | HO4
case_CL120_EHR_090,10,0.5901785714,0.61875,0.1856236901,0.6017857143,0.5191160714,0.5493303571,0.206473968,0.6829464286,0.0710625,0.1839979964,0.2149018368,20.9,72,5.4,10,0,0,6,4,5,medium,yes,True,2,5,5,0,low,0,low,0,low,1,moderate,1,moderate,2,low,oncology_hematology,palliative_transition,discharge_transition,external_system_gap | misstated_family_or_patient_information,high,HO1 | HO2 | HO3 | HO4
case_CL120_EHR_091,10,0.62663,0.61725,0.1586297189,0.506125,0.50191125,0.531328125,0.1977938645,0.74905,0.12471875,0.2045173072,0.2320711682,9.4,20,2.8,10,0,0,7,4,5,medium,yes,True,2,4,5,1,moderate,0,low,0,low,1,moderate,1,moderate,3,low,oncology_hematology,family_disclosure,discharge_transition,misstated_family_or_patient_information | cost_transport_or_work_barrier,high,HO1 | HO2 | HO3 | HO4
case_CL120_EHR_092,10,0.56625,0.5958333333,0.1581737134,0.5333333333,0.4477708333,0.434375,0.1409153499,0.4791666667,0.1184791667,0.2083415486,0.2035649359,3.9,11,1.5,10,0,0,7,4,5,short,yes,False,3,5,5,1,moderate,0,low,0,low,0,low,1,moderate,2,low,oncology_hematology,new_mass_staging,pre_handoff,cost_transport_or_work_barrier | privacy_stigma_or_sensitive_history,high,HO1 | HO2 | HO3 | HO4
case_CL120_EHR_093,10,0.6228076923,0.6130288462,0.151321043,0.5134615385,0.4052355769,0.3561322115,0.1746133315,0.6736778846,0.2175721154,0.1872103005,0.2867489744,10.1,29,2.8,10,0,0,8,4,5,medium,yes,False,3,5,5,2,high,0,low,1,moderate,1,moderate,1,moderate,5,moderate,oncology_hematology,chemotherapy_complication,pre_handoff,privacy_stigma_or_sensitive_history | incomplete_patient_information,high,HO1 | HO2 | HO3 | HO4
case_CL120_EHR_094,10,0.8176136364,0.8076704545,0.1054377681,0.3619318182,0.7117755682,0.7090198864,0.1732403094,0.5697443182,0.1058380682,0.2165372291,0.2367184987,52.1,100,8.5,8,2,0,6,4,5,medium,maybe,True,2,4,5,0,low,0,low,1,moderate,1,moderate,1,moderate,3,low,oncology_hematology,anemia_bleeding,post_handoff,incomplete_patient_information | medication_confusion_or_execution_failure,high,HO1 | HO2 | HO3 | HO4
case_CL120_EHR_095,10,0.6726107143,0.6477678571,0.102835712,0.3321964286,0.5365763393,0.5185714286,0.2051923832,0.59134375,0.136034375,0.2257206479,0.2419848769,27.1,100,6.6,9,1,0,7,4,5,medium,maybe,True,2,5,5,1,moderate,0,low,1,moderate,1,moderate,1,moderate,4,moderate,oncology_hematology,palliative_transition,post_handoff,medication_confusion_or_execution_failure | caregiver_conflict_or_fatigue,high,HO1 | HO2 | HO3 | HO4
case_CL120_EHR_096,10,0.913,0.96375,0.1133787899,0.32,0.840625,0.860625,0.1600422308,0.4675,0.072375,0.124066779,0.1708772426,47.4,100,8.6,9,1,0,7,4,5,medium,yes,True,2,5,5,1,moderate,0,low,1,moderate,1,moderate,1,moderate,4,moderate,oncology_hematology,family_disclosure,result_return,caregiver_conflict_or_fatigue | document_or_image_quality_problem,high,HO1 | HO2 | HO3 | HO4
case_CL120_EHR_097,10,0.6701125,0.6584285714,0.1767155158,0.5454464286,0.6015174107,0.5807075893,0.1575341632,0.5547991071,0.06859508929,0.1358282995,0.1823943313,6.2,16,2.5,10,0,0,7,4,5,medium,yes,True,2,5,5,1,moderate,0,low,1,moderate,1,moderate,1,moderate,4,moderate,infectious_disease,culture_result_action,result_return,document_or_image_quality_problem | delayed_or_staged_result_return,high,HO1 | HO2 | HO3 | HO4
case_CL120_EHR_098,10,0.8996130952,0.9196428571,0.07663468559,0.2261904762,0.8252827381,0.8053571429,0.1138897812,0.3073660714,0.07433035714,0.1556597469,0.2036390977,25.7,40,3.7,10,0,0,6,4,5,medium,yes,False,2,5,5,0,low,0,low,1,moderate,1,moderate,0,low,2,low,infectious_disease,sepsis_warning,home_execution_failure,delayed_or_staged_result_return | low_adherence_or_refusal,high,HO1 | HO2 | HO3 | HO4
case_CL120_EHR_099,10,0.9030230769,0.8923076923,0.06083521418,0.1774038462,0.7785629808,0.8634615385,0.1557126458,0.4520432692,0.1244600962,0.1509760714,0.2388861736,36,100,5.8,7,2,1,7,4,5,medium,yes,False,2,5,5,1,moderate,0,low,1,moderate,1,moderate,0,low,3,low,infectious_disease,tb_or_hbv_stigma,home_execution_failure,low_adherence_or_refusal | external_system_gap,high,HO1 | HO2 | HO3 | HO4
case_CL120_EHR_100,10,0.8817857143,0.9223214286,0.07411381209,0.2,0.7432142857,0.7040178571,0.09448938871,0.3232142857,0.1385714286,0.1330971643,0.2213209959,28.1,59,7.2,10,0,0,8,4,5,medium,maybe,True,2,5,5,2,high,0,low,1,moderate,1,moderate,1,moderate,5,moderate,infectious_disease,antibiotic_allergy_or_adherence,longitudinal_followup,external_system_gap | misstated_family_or_patient_information,high,HO1 | HO2 | HO3 | HO4
case_CL120_EHR_101,10,0.8271675,0.8721875,0.1315762849,0.405875,0.679183125,0.6441875,0.20963662,0.58730625,0.147984375,0.1519474452,0.2516767198,12.6,22,4.3,10,0,0,6,4,5,long,maybe,True,2,5,5,0,low,0,low,2,high,2,high,1,moderate,5,moderate,infectious_disease,culture_result_action,discharge_transition,misstated_family_or_patient_information | cost_transport_or_work_barrier,high,HO1 | HO2 | HO3 | HO4
case_CL120_EHR_102,10,0.8495833333,0.8645833333,0.1164946649,0.4291666667,0.7745833333,0.7739583333,0.1635961958,0.5864583333,0.075,0.1455956481,0.2234431488,48.5,97,7.4,10,0,0,9,4,5,long,maybe,True,2,5,5,2,high,0,low,2,high,2,high,1,moderate,7,high,infectious_disease,sepsis_warning,discharge_transition,cost_transport_or_work_barrier | privacy_stigma_or_sensitive_history,high,HO1 | HO2 | HO3 | HO4
case_CL120_EHR_103,10,0.7159461538,0.7252403846,0.09036401312,0.2870769231,0.6226927885,0.6381610577,0.07159584878,0.2440336538,0.09325336538,0.1591044958,0.2172547425,11.2,34,2.8,10,0,0,6,4,5,long,maybe,True,3,5,5,0,low,0,low,2,high,2,high,2,high,6,moderate,infectious_disease,transplant_patient_hbv_tb_stigma_and_immunosuppression_safety,pre_handoff,privacy_stigma_or_sensitive_history | incomplete_patient_information,high,HO1 | HO2 | HO3 | HO4
case_CL120_EHR_104,10,0.7354545455,0.7303977273,0.107334403,0.40625,0.6604261364,0.6741477273,0.1375301256,0.4660511364,0.07502840909,0.1890569954,0.211275175,6.5,13,2.7,10,0,0,9,4,5,short,yes,False,3,5,5,2,high,0,low,0,low,0,low,1,moderate,3,low,infectious_disease,antibiotic_allergy_or_adherence,pre_handoff,incomplete_patient_information | medication_confusion_or_execution_failure,high,HO1 | HO2 | HO3 | HO4
case_CL120_EHR_105,10,0.5630946429,0.5922321429,0.1662822656,0.6084821429,0.4414270536,0.519609375,0.1889790956,0.6769642857,0.1216675893,0.1865107225,0.2323364695,15.9,34,3.8,10,0,0,7,4,5,medium,maybe,True,2,5,6,1,moderate,0,low,0,low,1,moderate,2,high,4,moderate,musculoskeletal_geriatrics,fracture_fall_prevention,post_handoff,medication_confusion_or_execution_failure | caregiver_conflict_or_fatigue,high,HO1 | HO2 | HO3 | HO4
case_CL120_EHR_106,10,0.93625,0.94375,0.06763181574,0.24,0.83965,0.88625,0.1660100976,0.5075,0.0966,0.1742424792,0.2324098334,22.9,42,4.9,10,0,0,8,4,5,medium,maybe,True,2,5,5,2,high,0,low,0,low,1,moderate,1,moderate,4,moderate,musculoskeletal_geriatrics,osteoporosis,post_handoff,caregiver_conflict_or_fatigue | document_or_image_quality_problem,high,HO1 | HO2 | HO3 | HO4
case_CL120_EHR_107,10,0.6809839286,0.6784553571,0.1197484551,0.3793392857,0.5918426786,0.5865758929,0.1680050957,0.5519607143,0.08914125,0.152000613,0.2162040938,11.3,19,3.9,9,0,1,7,4,5,medium,yes,True,2,5,5,1,moderate,0,low,0,low,1,moderate,1,moderate,3,low,musculoskeletal_geriatrics,polypharmacy,result_return,document_or_image_quality_problem | delayed_or_staged_result_return,high,HO1 | HO2 | HO3 | HO4
case_CL120_EHR_108,10,0.6252083333,0.6428571429,0.1674007563,0.6291666667,0.5028214286,0.5018973214,0.1927108659,0.7379464286,0.1223869048,0.1904259519,0.2534131599,9.2,29,4.3,10,0,0,6,4,5,medium,yes,True,2,5,5,0,low,0,low,0,low,1,moderate,1,moderate,2,low,musculoskeletal_geriatrics,frailty_caregiver_execution,result_return,delayed_or_staged_result_return | low_adherence_or_refusal,high,HO1 | HO2 | HO3 | HO4
case_CL120_EHR_109,10,0.8010730769,0.7732884615,0.1463493846,0.4560192308,0.6991605769,0.6692692308,0.1972995411,0.5920144231,0.1019125,0.1809392724,0.1929887582,8,17,3.4,9,0,1,7,4,5,medium,yes,False,2,5,5,1,moderate,0,low,0,low,1,moderate,0,low,2,low,musculoskeletal_geriatrics,fracture_fall_prevention,home_execution_failure,low_adherence_or_refusal | external_system_gap,high,HO1 | HO2 | HO3 | HO4
case_CL120_EHR_110,10,0.77125,0.8758928571,0.1930347231,0.6321428571,0.5606339286,0.6111607143,0.1800741966,0.613125,0.2106160714,0.199502023,0.2627567602,13.2,32,5.4,10,0,0,9,4,5,medium,yes,False,2,5,6,2,high,0,low,1,moderate,1,moderate,1,moderate,5,moderate,musculoskeletal_geriatrics,osteoporosis,home_execution_failure,external_system_gap | misstated_family_or_patient_information,high,HO1 | HO2 | HO3 | HO4
case_CL120_EHR_111,10,0.57741,0.6019375,0.1505474278,0.465,0.348292375,0.347303125,0.1584953868,0.483825,0.229117625,0.186953788,0.1939709351,12.5,23,3,10,0,0,7,4,5,medium,maybe,True,2,5,5,1,moderate,0,low,1,moderate,1,moderate,1,moderate,4,moderate,musculoskeletal_geriatrics,polypharmacy,longitudinal_followup,misstated_family_or_patient_information | cost_transport_or_work_barrier,high,HO1 | HO2 | HO3 | HO4
case_CL120_EHR_112,10,0.76375,0.7416666667,0.08379144911,0.2791666667,0.6841666667,0.6604166667,0.09859120495,0.35625,0.07958333333,0.1534811921,0.2018599861,9.6,13,3.6,10,0,0,6,4,5,medium,yes,True,2,4,5,0,low,0,low,1,moderate,1,moderate,1,moderate,3,low,musculoskeletal_geriatrics,frailty_caregiver_execution,discharge_transition,cost_transport_or_work_barrier | privacy_stigma_or_sensitive_history,high,HO1 | HO2 | HO3 | HO4
case_CL120_EHR_113,10,0.8225519231,0.8912980769,0.1775458527,0.5686923077,0.7130730769,0.8266466346,0.261247761,0.8256730769,0.1094788462,0.191237705,0.243893071,15.7,29,5.1,10,0,0,7,4,5,medium,maybe,True,3,5,6,1,moderate,0,low,1,moderate,1,moderate,2,high,5,moderate,mental_health_somatic,anxiety_depression_somatic_red_flag_and_followup,longitudinal_followup,privacy_stigma_or_sensitive_history | incomplete_patient_information,high,HO1 | HO2 | HO3 | HO4
case_CL120_EHR_114,10,0.8364204545,0.8292613636,0.06878025724,0.1852272727,0.6425198864,0.6589488636,0.1330994621,0.5282102273,0.1939005682,0.1956815227,0.1947679346,8.9,19,2.4,10,0,0,6,4,5,medium,yes,False,3,5,5,0,low,0,low,1,moderate,1,moderate,1,moderate,3,low,mental_health_somatic,depression_adherence,pre_handoff,incomplete_patient_information | medication_confusion_or_execution_failure,high,HO1 | HO2 | HO3 | HO4
case_CL120_EHR_115,10,0.8636910714,0.8633214286,0.08289389389,0.2548214286,0.7312741071,0.7117522321,0.1355364382,0.4577142857,0.1324169643,0.1485116449,0.2398406894,15.2,32,5,10,0,0,6,4,5,medium,yes,False,3,5,5,0,low,0,low,1,moderate,1,moderate,1,moderate,3,low,mental_health_somatic,stigma_hidden_history,pre_handoff,medication_confusion_or_execution_failure | caregiver_conflict_or_fatigue,high,HO1 | HO2 | HO3 | HO4
case_CL120_EHR_116,10,0.78825,0.875,0.1817795712,0.5525,0.5468875,0.645,0.2302620074,0.642375,0.2413625,0.1760504375,0.2177452636,17.3,32,4.1,10,0,0,7,4,5,medium,maybe,True,2,5,5,1,moderate,0,low,1,moderate,1,moderate,1,moderate,4,moderate,mental_health_somatic,anxiety_somatic_red_flag,post_handoff,caregiver_conflict_or_fatigue | document_or_image_quality_problem,high,HO1 | HO2 | HO3 | HO4
case_CL120_EHR_117,10,0.7061267857,0.7859107143,0.2035498658,0.5794642857,0.4807163393,0.5722116071,0.2689661416,0.7172732143,0.2254104464,0.2903626633,0.3001885473,15.7,33,4.3,10,0,0,6,4,5,medium,maybe,True,2,5,5,0,low,0,low,1,moderate,1,moderate,1,moderate,3,low,mental_health_somatic,depression_adherence,post_handoff,document_or_image_quality_problem | delayed_or_staged_result_return,high,HO1 | HO2 | HO3 | HO4
case_CL120_EHR_118,10,0.5814583333,0.5608630952,0.1569100035,0.5511904762,0.5344122024,0.5078497024,0.1781993745,0.6189732143,0.04704613095,0.2283256427,0.2434308584,19.6,39,2.7,10,0,0,7,4,5,long,maybe,True,2,5,5,1,moderate,0,low,2,high,2,high,1,moderate,6,moderate,dermatology_ent_ophthalmology,rash_drug_reaction,result_return,delayed_or_staged_result_return | low_adherence_or_refusal,high,HO1 | HO2 | HO3 | HO4
case_CL120_EHR_119,10,0.9341326923,0.9456442308,0.06830987493,0.2059615385,0.8009384615,0.8423461538,0.1472989865,0.5096153846,0.1331942308,0.1863260597,0.2239262164,24.5,35,6.3,5,0,5,6,4,5,long,maybe,True,2,5,5,0,low,0,low,2,high,2,high,1,moderate,5,moderate,dermatology_ent_ophthalmology,vision_red_flag,result_return,low_adherence_or_refusal | external_system_gap,high,HO1 | HO2 | HO3 | HO4
case_CL120_EHR_120,10,0.5430357143,0.5446428571,0.1406491192,0.5017857143,0.4206696429,0.4066964286,0.1532459188,0.5127678571,0.1223660714,0.1991669123,0.2215638464,13.2,43,4.8,9,0,1,7,4,5,long,maybe,False,2,5,5,1,moderate,0,low,2,high,2,high,0,low,5,moderate,dermatology_ent_ophthalmology,otitis_sinus_complication,home_execution_failure,external_system_gap | misstated_family_or_patient_information,high,HO1 | HO2 | HO3 | HO4
