case_id	clinical_domain_code	clinical_domain	reviewer_id	physician_title_group	n_tested_models	n_trajectory_assessments
case_CL120_EHR_001	cardiovascular	Cardiovascular	PHY-14498DCF8C	Resident physician	10	10
case_CL120_EHR_001	cardiovascular	Cardiovascular	PHY-266ADBE973	Resident physician	10	10
case_CL120_EHR_001	cardiovascular	Cardiovascular	PHY-2488899DB8	Attending physician	10	10
case_CL120_EHR_001	cardiovascular	Cardiovascular	PHY-3D3448CABA	Attending physician	10	10
case_CL120_EHR_001	cardiovascular	Cardiovascular	PHY-A2FB7FC18D	Associate-chief/chief physician	10	10
case_CL120_EHR_002	cardiovascular	Cardiovascular	PHY-14498DCF8C	Resident physician	10	10
case_CL120_EHR_002	cardiovascular	Cardiovascular	PHY-5856B8C3FE	Resident physician	10	10
case_CL120_EHR_002	cardiovascular	Cardiovascular	PHY-2488899DB8	Attending physician	10	10
case_CL120_EHR_002	cardiovascular	Cardiovascular	PHY-8EF81AFB15	Attending physician	10	10
case_CL120_EHR_002	cardiovascular	Cardiovascular	PHY-A2FB7FC18D	Associate-chief/chief physician	10	10
case_CL120_EHR_003	cardiovascular	Cardiovascular	PHY-7B18D30F5C	Resident physician	10	10
case_CL120_EHR_003	cardiovascular	Cardiovascular	PHY-D7BC4A231B	Resident physician	10	10
case_CL120_EHR_003	cardiovascular	Cardiovascular	PHY-BF915F9AD6	Attending physician	10	10
case_CL120_EHR_003	cardiovascular	Cardiovascular	PHY-FC68058C84	Attending physician	10	10
case_CL120_EHR_003	cardiovascular	Cardiovascular	PHY-D975BD5359	Associate-chief/chief physician	10	10
case_CL120_EHR_004	dermatology_ent_ophthalmology	Dermatology, ENT, and ophthalmology	PHY-137E04705B	Resident physician	10	10
case_CL120_EHR_004	dermatology_ent_ophthalmology	Dermatology, ENT, and ophthalmology	PHY-55BCDE2E0B	Resident physician	10	10
case_CL120_EHR_004	dermatology_ent_ophthalmology	Dermatology, ENT, and ophthalmology	PHY-027349F852	Attending physician	10	10
case_CL120_EHR_004	dermatology_ent_ophthalmology	Dermatology, ENT, and ophthalmology	PHY-1AC9D47DAF	Attending physician	10	10
case_CL120_EHR_004	dermatology_ent_ophthalmology	Dermatology, ENT, and ophthalmology	PHY-93C002C7BC	Associate-chief/chief physician	10	10
case_CL120_EHR_005	cardiovascular	Cardiovascular	PHY-14498DCF8C	Resident physician	10	10
case_CL120_EHR_005	cardiovascular	Cardiovascular	PHY-7B18D30F5C	Resident physician	10	10
case_CL120_EHR_005	cardiovascular	Cardiovascular	PHY-2488899DB8	Attending physician	10	10
case_CL120_EHR_005	cardiovascular	Cardiovascular	PHY-BF915F9AD6	Attending physician	10	10
case_CL120_EHR_005	cardiovascular	Cardiovascular	PHY-A2FB7FC18D	Associate-chief/chief physician	10	10
case_CL120_EHR_006	cardiovascular	Cardiovascular	PHY-266ADBE973	Resident physician	10	10
case_CL120_EHR_006	cardiovascular	Cardiovascular	PHY-5856B8C3FE	Resident physician	10	10
case_CL120_EHR_006	cardiovascular	Cardiovascular	PHY-3D3448CABA	Attending physician	10	10
case_CL120_EHR_006	cardiovascular	Cardiovascular	PHY-8EF81AFB15	Attending physician	10	10
case_CL120_EHR_006	cardiovascular	Cardiovascular	PHY-D975BD5359	Associate-chief/chief physician	10	10
case_CL120_EHR_007	cardiovascular	Cardiovascular	PHY-14498DCF8C	Resident physician	10	10
case_CL120_EHR_007	cardiovascular	Cardiovascular	PHY-D7BC4A231B	Resident physician	10	10
case_CL120_EHR_007	cardiovascular	Cardiovascular	PHY-2488899DB8	Attending physician	10	10
case_CL120_EHR_007	cardiovascular	Cardiovascular	PHY-FC68058C84	Attending physician	10	10
case_CL120_EHR_007	cardiovascular	Cardiovascular	PHY-A2FB7FC18D	Associate-chief/chief physician	10	10
case_CL120_EHR_008	cardiovascular	Cardiovascular	PHY-266ADBE973	Resident physician	10	10
case_CL120_EHR_008	cardiovascular	Cardiovascular	PHY-7B18D30F5C	Resident physician	10	10
case_CL120_EHR_008	cardiovascular	Cardiovascular	PHY-3D3448CABA	Attending physician	10	10
case_CL120_EHR_008	cardiovascular	Cardiovascular	PHY-BF915F9AD6	Attending physician	10	10
case_CL120_EHR_008	cardiovascular	Cardiovascular	PHY-D975BD5359	Associate-chief/chief physician	10	10
case_CL120_EHR_009	cardiovascular	Cardiovascular	PHY-5856B8C3FE	Resident physician	10	10
case_CL120_EHR_009	cardiovascular	Cardiovascular	PHY-D7BC4A231B	Resident physician	10	10
case_CL120_EHR_009	cardiovascular	Cardiovascular	PHY-8EF81AFB15	Attending physician	10	10
case_CL120_EHR_009	cardiovascular	Cardiovascular	PHY-FC68058C84	Attending physician	10	10
case_CL120_EHR_009	cardiovascular	Cardiovascular	PHY-A2FB7FC18D	Associate-chief/chief physician	10	10
case_CL120_EHR_010	cardiovascular	Cardiovascular	PHY-266ADBE973	Resident physician	10	10
case_CL120_EHR_010	cardiovascular	Cardiovascular	PHY-D7BC4A231B	Resident physician	10	10
case_CL120_EHR_010	cardiovascular	Cardiovascular	PHY-3D3448CABA	Attending physician	10	10
case_CL120_EHR_010	cardiovascular	Cardiovascular	PHY-FC68058C84	Attending physician	10	10
case_CL120_EHR_010	cardiovascular	Cardiovascular	PHY-D975BD5359	Associate-chief/chief physician	10	10
case_CL120_EHR_011	cardiovascular	Cardiovascular	PHY-5856B8C3FE	Resident physician	10	10
case_CL120_EHR_011	cardiovascular	Cardiovascular	PHY-7B18D30F5C	Resident physician	10	10
case_CL120_EHR_011	cardiovascular	Cardiovascular	PHY-8EF81AFB15	Attending physician	10	10
case_CL120_EHR_011	cardiovascular	Cardiovascular	PHY-BF915F9AD6	Attending physician	10	10
case_CL120_EHR_011	cardiovascular	Cardiovascular	PHY-A2FB7FC18D	Associate-chief/chief physician	10	10
case_CL120_EHR_012	cardiovascular	Cardiovascular	PHY-14498DCF8C	Resident physician	10	10
case_CL120_EHR_012	cardiovascular	Cardiovascular	PHY-266ADBE973	Resident physician	10	10
case_CL120_EHR_012	cardiovascular	Cardiovascular	PHY-2488899DB8	Attending physician	10	10
case_CL120_EHR_012	cardiovascular	Cardiovascular	PHY-3D3448CABA	Attending physician	10	10
case_CL120_EHR_012	cardiovascular	Cardiovascular	PHY-D975BD5359	Associate-chief/chief physician	10	10
case_CL120_EHR_013	cardiovascular	Cardiovascular	PHY-14498DCF8C	Resident physician	10	10
case_CL120_EHR_013	cardiovascular	Cardiovascular	PHY-5856B8C3FE	Resident physician	10	10
case_CL120_EHR_013	cardiovascular	Cardiovascular	PHY-2488899DB8	Attending physician	10	10
case_CL120_EHR_013	cardiovascular	Cardiovascular	PHY-8EF81AFB15	Attending physician	10	10
case_CL120_EHR_013	cardiovascular	Cardiovascular	PHY-A2FB7FC18D	Associate-chief/chief physician	10	10
case_CL120_EHR_014	cardiovascular	Cardiovascular	PHY-7B18D30F5C	Resident physician	10	10
case_CL120_EHR_014	cardiovascular	Cardiovascular	PHY-D7BC4A231B	Resident physician	10	10
case_CL120_EHR_014	cardiovascular	Cardiovascular	PHY-BF915F9AD6	Attending physician	10	10
case_CL120_EHR_014	cardiovascular	Cardiovascular	PHY-FC68058C84	Attending physician	10	10
case_CL120_EHR_014	cardiovascular	Cardiovascular	PHY-D975BD5359	Associate-chief/chief physician	10	10
case_CL120_EHR_015	respiratory	Respiratory	PHY-14B3F07D27	Resident physician	10	10
case_CL120_EHR_015	respiratory	Respiratory	PHY-16BE1CD6F2	Resident physician	10	10
case_CL120_EHR_015	respiratory	Respiratory	PHY-5B210A27D4	Attending physician	10	10
case_CL120_EHR_015	respiratory	Respiratory	PHY-6CEA3FB6F4	Attending physician	10	10
case_CL120_EHR_015	respiratory	Respiratory	PHY-315A29DEE8	Associate-chief/chief physician	10	10
case_CL120_EHR_016	respiratory	Respiratory	PHY-47519704CD	Resident physician	10	10
case_CL120_EHR_016	respiratory	Respiratory	PHY-589B3BC2F3	Resident physician	10	10
case_CL120_EHR_016	respiratory	Respiratory	PHY-5B210A27D4	Attending physician	10	10
case_CL120_EHR_016	respiratory	Respiratory	PHY-EAC573A2CA	Attending physician	10	10
case_CL120_EHR_016	respiratory	Respiratory	PHY-315A29DEE8	Associate-chief/chief physician	10	10
case_CL120_EHR_017	respiratory	Respiratory	PHY-A20D771DEE	Resident physician	10	10
case_CL120_EHR_017	respiratory	Respiratory	PHY-A7A90595E9	Resident physician	10	10
case_CL120_EHR_017	respiratory	Respiratory	PHY-6CEA3FB6F4	Attending physician	10	10
case_CL120_EHR_017	respiratory	Respiratory	PHY-EAC573A2CA	Attending physician	10	10
case_CL120_EHR_017	respiratory	Respiratory	PHY-DAF316046C	Associate-chief/chief physician	10	10
case_CL120_EHR_018	respiratory	Respiratory	PHY-B2A4E2CBB8	Resident physician	10	10
case_CL120_EHR_018	respiratory	Respiratory	PHY-BD3B661B3D	Resident physician	10	10
case_CL120_EHR_018	respiratory	Respiratory	PHY-5B210A27D4	Attending physician	10	10
case_CL120_EHR_018	respiratory	Respiratory	PHY-6CEA3FB6F4	Attending physician	10	10
case_CL120_EHR_018	respiratory	Respiratory	PHY-315A29DEE8	Associate-chief/chief physician	10	10
case_CL120_EHR_019	respiratory	Respiratory	PHY-14B3F07D27	Resident physician	10	10
case_CL120_EHR_019	respiratory	Respiratory	PHY-47519704CD	Resident physician	10	10
case_CL120_EHR_019	respiratory	Respiratory	PHY-5B210A27D4	Attending physician	10	10
case_CL120_EHR_019	respiratory	Respiratory	PHY-EAC573A2CA	Attending physician	10	10
case_CL120_EHR_019	respiratory	Respiratory	PHY-DAF316046C	Associate-chief/chief physician	10	10
case_CL120_EHR_020	respiratory	Respiratory	PHY-16BE1CD6F2	Resident physician	10	10
case_CL120_EHR_020	respiratory	Respiratory	PHY-589B3BC2F3	Resident physician	10	10
case_CL120_EHR_020	respiratory	Respiratory	PHY-6CEA3FB6F4	Attending physician	10	10
case_CL120_EHR_020	respiratory	Respiratory	PHY-EAC573A2CA	Attending physician	10	10
case_CL120_EHR_020	respiratory	Respiratory	PHY-315A29DEE8	Associate-chief/chief physician	10	10
case_CL120_EHR_021	respiratory	Respiratory	PHY-A20D771DEE	Resident physician	10	10
case_CL120_EHR_021	respiratory	Respiratory	PHY-B2A4E2CBB8	Resident physician	10	10
case_CL120_EHR_021	respiratory	Respiratory	PHY-5B210A27D4	Attending physician	10	10
case_CL120_EHR_021	respiratory	Respiratory	PHY-6CEA3FB6F4	Attending physician	10	10
case_CL120_EHR_021	respiratory	Respiratory	PHY-DAF316046C	Associate-chief/chief physician	10	10
case_CL120_EHR_022	respiratory	Respiratory	PHY-A7A90595E9	Resident physician	10	10
case_CL120_EHR_022	respiratory	Respiratory	PHY-BD3B661B3D	Resident physician	10	10
case_CL120_EHR_022	respiratory	Respiratory	PHY-5B210A27D4	Attending physician	10	10
case_CL120_EHR_022	respiratory	Respiratory	PHY-EAC573A2CA	Attending physician	10	10
case_CL120_EHR_022	respiratory	Respiratory	PHY-315A29DEE8	Associate-chief/chief physician	10	10
case_CL120_EHR_023	respiratory	Respiratory	PHY-14B3F07D27	Resident physician	10	10
case_CL120_EHR_023	respiratory	Respiratory	PHY-D208B172BB	Resident physician	10	10
case_CL120_EHR_023	respiratory	Respiratory	PHY-6CEA3FB6F4	Attending physician	10	10
case_CL120_EHR_023	respiratory	Respiratory	PHY-EAC573A2CA	Attending physician	10	10
case_CL120_EHR_023	respiratory	Respiratory	PHY-DAF316046C	Associate-chief/chief physician	10	10
case_CL120_EHR_024	respiratory	Respiratory	PHY-16BE1CD6F2	Resident physician	10	10
case_CL120_EHR_024	respiratory	Respiratory	PHY-47519704CD	Resident physician	10	10
case_CL120_EHR_024	respiratory	Respiratory	PHY-5B210A27D4	Attending physician	10	10
case_CL120_EHR_024	respiratory	Respiratory	PHY-6CEA3FB6F4	Attending physician	10	10
case_CL120_EHR_024	respiratory	Respiratory	PHY-315A29DEE8	Associate-chief/chief physician	10	10
case_CL120_EHR_025	respiratory	Respiratory	PHY-589B3BC2F3	Resident physician	10	10
case_CL120_EHR_025	respiratory	Respiratory	PHY-A20D771DEE	Resident physician	10	10
case_CL120_EHR_025	respiratory	Respiratory	PHY-5B210A27D4	Attending physician	10	10
case_CL120_EHR_025	respiratory	Respiratory	PHY-EAC573A2CA	Attending physician	10	10
case_CL120_EHR_025	respiratory	Respiratory	PHY-DAF316046C	Associate-chief/chief physician	10	10
case_CL120_EHR_026	respiratory	Respiratory	PHY-A7A90595E9	Resident physician	10	10
case_CL120_EHR_026	respiratory	Respiratory	PHY-B2A4E2CBB8	Resident physician	10	10
case_CL120_EHR_026	respiratory	Respiratory	PHY-6CEA3FB6F4	Attending physician	10	10
case_CL120_EHR_026	respiratory	Respiratory	PHY-EAC573A2CA	Attending physician	10	10
case_CL120_EHR_026	respiratory	Respiratory	PHY-315A29DEE8	Associate-chief/chief physician	10	10
case_CL120_EHR_027	endocrine_metabolic	Endocrine and metabolic	PHY-5B0BBCD5D1	Resident physician	10	10
case_CL120_EHR_027	endocrine_metabolic	Endocrine and metabolic	PHY-9A15DAC417	Resident physician	10	10
case_CL120_EHR_027	endocrine_metabolic	Endocrine and metabolic	PHY-0E06D0DC67	Attending physician	10	10
case_CL120_EHR_027	endocrine_metabolic	Endocrine and metabolic	PHY-3C8C474B1E	Attending physician	10	10
case_CL120_EHR_027	endocrine_metabolic	Endocrine and metabolic	PHY-735C54AACB	Associate-chief/chief physician	10	10
case_CL120_EHR_028	endocrine_metabolic	Endocrine and metabolic	PHY-D13BB58A3A	Resident physician	10	10
case_CL120_EHR_028	endocrine_metabolic	Endocrine and metabolic	PHY-FBFBA53FF4	Resident physician	10	10
case_CL120_EHR_028	endocrine_metabolic	Endocrine and metabolic	PHY-0E06D0DC67	Attending physician	10	10
case_CL120_EHR_028	endocrine_metabolic	Endocrine and metabolic	PHY-87FDF10AD5	Attending physician	10	10
case_CL120_EHR_028	endocrine_metabolic	Endocrine and metabolic	PHY-FDA86A7C81	Associate-chief/chief physician	10	10
case_CL120_EHR_029	endocrine_metabolic	Endocrine and metabolic	PHY-5B0BBCD5D1	Resident physician	10	10
case_CL120_EHR_029	endocrine_metabolic	Endocrine and metabolic	PHY-D13BB58A3A	Resident physician	10	10
case_CL120_EHR_029	endocrine_metabolic	Endocrine and metabolic	PHY-3C8C474B1E	Attending physician	10	10
case_CL120_EHR_029	endocrine_metabolic	Endocrine and metabolic	PHY-87FDF10AD5	Attending physician	10	10
case_CL120_EHR_029	endocrine_metabolic	Endocrine and metabolic	PHY-735C54AACB	Associate-chief/chief physician	10	10
case_CL120_EHR_030	endocrine_metabolic	Endocrine and metabolic	PHY-9A15DAC417	Resident physician	10	10
case_CL120_EHR_030	endocrine_metabolic	Endocrine and metabolic	PHY-FBFBA53FF4	Resident physician	10	10
case_CL120_EHR_030	endocrine_metabolic	Endocrine and metabolic	PHY-0E06D0DC67	Attending physician	10	10
case_CL120_EHR_030	endocrine_metabolic	Endocrine and metabolic	PHY-3C8C474B1E	Attending physician	10	10
case_CL120_EHR_030	endocrine_metabolic	Endocrine and metabolic	PHY-FDA86A7C81	Associate-chief/chief physician	10	10
case_CL120_EHR_031	endocrine_metabolic	Endocrine and metabolic	PHY-5B0BBCD5D1	Resident physician	10	10
case_CL120_EHR_031	endocrine_metabolic	Endocrine and metabolic	PHY-FBFBA53FF4	Resident physician	10	10
case_CL120_EHR_031	endocrine_metabolic	Endocrine and metabolic	PHY-0E06D0DC67	Attending physician	10	10
case_CL120_EHR_031	endocrine_metabolic	Endocrine and metabolic	PHY-87FDF10AD5	Attending physician	10	10
case_CL120_EHR_031	endocrine_metabolic	Endocrine and metabolic	PHY-735C54AACB	Associate-chief/chief physician	10	10
case_CL120_EHR_032	endocrine_metabolic	Endocrine and metabolic	PHY-9A15DAC417	Resident physician	10	10
case_CL120_EHR_032	endocrine_metabolic	Endocrine and metabolic	PHY-D13BB58A3A	Resident physician	10	10
case_CL120_EHR_032	endocrine_metabolic	Endocrine and metabolic	PHY-3C8C474B1E	Attending physician	10	10
case_CL120_EHR_032	endocrine_metabolic	Endocrine and metabolic	PHY-87FDF10AD5	Attending physician	10	10
case_CL120_EHR_032	endocrine_metabolic	Endocrine and metabolic	PHY-FDA86A7C81	Associate-chief/chief physician	10	10
case_CL120_EHR_033	endocrine_metabolic	Endocrine and metabolic	PHY-5B0BBCD5D1	Resident physician	10	10
case_CL120_EHR_033	endocrine_metabolic	Endocrine and metabolic	PHY-9A15DAC417	Resident physician	10	10
case_CL120_EHR_033	endocrine_metabolic	Endocrine and metabolic	PHY-0E06D0DC67	Attending physician	10	10
case_CL120_EHR_033	endocrine_metabolic	Endocrine and metabolic	PHY-3C8C474B1E	Attending physician	10	10
case_CL120_EHR_033	endocrine_metabolic	Endocrine and metabolic	PHY-735C54AACB	Associate-chief/chief physician	10	10
case_CL120_EHR_034	endocrine_metabolic	Endocrine and metabolic	PHY-D13BB58A3A	Resident physician	10	10
case_CL120_EHR_034	endocrine_metabolic	Endocrine and metabolic	PHY-FBFBA53FF4	Resident physician	10	10
case_CL120_EHR_034	endocrine_metabolic	Endocrine and metabolic	PHY-0E06D0DC67	Attending physician	10	10
case_CL120_EHR_034	endocrine_metabolic	Endocrine and metabolic	PHY-87FDF10AD5	Attending physician	10	10
case_CL120_EHR_034	endocrine_metabolic	Endocrine and metabolic	PHY-FDA86A7C81	Associate-chief/chief physician	10	10
case_CL120_EHR_035	endocrine_metabolic	Endocrine and metabolic	PHY-5B0BBCD5D1	Resident physician	10	10
case_CL120_EHR_035	endocrine_metabolic	Endocrine and metabolic	PHY-D13BB58A3A	Resident physician	10	10
case_CL120_EHR_035	endocrine_metabolic	Endocrine and metabolic	PHY-3C8C474B1E	Attending physician	10	10
case_CL120_EHR_035	endocrine_metabolic	Endocrine and metabolic	PHY-87FDF10AD5	Attending physician	10	10
case_CL120_EHR_035	endocrine_metabolic	Endocrine and metabolic	PHY-735C54AACB	Associate-chief/chief physician	10	10
case_CL120_EHR_036	endocrine_metabolic	Endocrine and metabolic	PHY-9A15DAC417	Resident physician	10	10
case_CL120_EHR_036	endocrine_metabolic	Endocrine and metabolic	PHY-FBFBA53FF4	Resident physician	10	10
case_CL120_EHR_036	endocrine_metabolic	Endocrine and metabolic	PHY-0E06D0DC67	Attending physician	10	10
case_CL120_EHR_036	endocrine_metabolic	Endocrine and metabolic	PHY-3C8C474B1E	Attending physician	10	10
case_CL120_EHR_036	endocrine_metabolic	Endocrine and metabolic	PHY-FDA86A7C81	Associate-chief/chief physician	10	10
case_CL120_EHR_037	endocrine_metabolic	Endocrine and metabolic	PHY-5B0BBCD5D1	Resident physician	10	10
case_CL120_EHR_037	endocrine_metabolic	Endocrine and metabolic	PHY-FBFBA53FF4	Resident physician	10	10
case_CL120_EHR_037	endocrine_metabolic	Endocrine and metabolic	PHY-0E06D0DC67	Attending physician	10	10
case_CL120_EHR_037	endocrine_metabolic	Endocrine and metabolic	PHY-87FDF10AD5	Attending physician	10	10
case_CL120_EHR_037	endocrine_metabolic	Endocrine and metabolic	PHY-735C54AACB	Associate-chief/chief physician	10	10
case_CL120_EHR_038	endocrine_metabolic	Endocrine and metabolic	PHY-9A15DAC417	Resident physician	10	10
case_CL120_EHR_038	endocrine_metabolic	Endocrine and metabolic	PHY-D13BB58A3A	Resident physician	10	10
case_CL120_EHR_038	endocrine_metabolic	Endocrine and metabolic	PHY-3C8C474B1E	Attending physician	10	10
case_CL120_EHR_038	endocrine_metabolic	Endocrine and metabolic	PHY-87FDF10AD5	Attending physician	10	10
case_CL120_EHR_038	endocrine_metabolic	Endocrine and metabolic	PHY-FDA86A7C81	Associate-chief/chief physician	10	10
case_CL120_EHR_039	renal_urology	Renal and urologic	PHY-3F98D6F745	Resident physician	10	10
case_CL120_EHR_039	renal_urology	Renal and urologic	PHY-4BBF7B681D	Resident physician	10	10
case_CL120_EHR_039	renal_urology	Renal and urologic	PHY-613485E574	Attending physician	10	10
case_CL120_EHR_039	renal_urology	Renal and urologic	PHY-944446CECD	Attending physician	10	10
case_CL120_EHR_039	renal_urology	Renal and urologic	PHY-40DE8185EE	Associate-chief/chief physician	10	10
case_CL120_EHR_040	renal_urology	Renal and urologic	PHY-3F98D6F745	Resident physician	10	10
case_CL120_EHR_040	renal_urology	Renal and urologic	PHY-6B9832F1CB	Resident physician	10	10
case_CL120_EHR_040	renal_urology	Renal and urologic	PHY-613485E574	Attending physician	10	10
case_CL120_EHR_040	renal_urology	Renal and urologic	PHY-9F5268815C	Attending physician	10	10
case_CL120_EHR_040	renal_urology	Renal and urologic	PHY-40DE8185EE	Associate-chief/chief physician	10	10
case_CL120_EHR_041	renal_urology	Renal and urologic	PHY-4BBF7B681D	Resident physician	10	10
case_CL120_EHR_041	renal_urology	Renal and urologic	PHY-8E177BF6B9	Resident physician	10	10
case_CL120_EHR_041	renal_urology	Renal and urologic	PHY-944446CECD	Attending physician	10	10
case_CL120_EHR_041	renal_urology	Renal and urologic	PHY-9F744DC3B0	Attending physician	10	10
case_CL120_EHR_041	renal_urology	Renal and urologic	PHY-ED0516D3FE	Associate-chief/chief physician	10	10
case_CL120_EHR_042	renal_urology	Renal and urologic	PHY-3F98D6F745	Resident physician	10	10
case_CL120_EHR_042	renal_urology	Renal and urologic	PHY-ADE9557730	Resident physician	10	10
case_CL120_EHR_042	renal_urology	Renal and urologic	PHY-613485E574	Attending physician	10	10
case_CL120_EHR_042	renal_urology	Renal and urologic	PHY-9F744DC3B0	Attending physician	10	10
case_CL120_EHR_042	renal_urology	Renal and urologic	PHY-40DE8185EE	Associate-chief/chief physician	10	10
case_CL120_EHR_043	renal_urology	Renal and urologic	PHY-4BBF7B681D	Resident physician	10	10
case_CL120_EHR_043	renal_urology	Renal and urologic	PHY-6B9832F1CB	Resident physician	10	10
case_CL120_EHR_043	renal_urology	Renal and urologic	PHY-944446CECD	Attending physician	10	10
case_CL120_EHR_043	renal_urology	Renal and urologic	PHY-9F5268815C	Attending physician	10	10
case_CL120_EHR_043	renal_urology	Renal and urologic	PHY-ED0516D3FE	Associate-chief/chief physician	10	10
case_CL120_EHR_044	renal_urology	Renal and urologic	PHY-8E177BF6B9	Resident physician	10	10
case_CL120_EHR_044	renal_urology	Renal and urologic	PHY-ADE9557730	Resident physician	10	10
case_CL120_EHR_044	renal_urology	Renal and urologic	PHY-9F5268815C	Attending physician	10	10
case_CL120_EHR_044	renal_urology	Renal and urologic	PHY-9F744DC3B0	Attending physician	10	10
case_CL120_EHR_044	renal_urology	Renal and urologic	PHY-40DE8185EE	Associate-chief/chief physician	10	10
case_CL120_EHR_045	renal_urology	Renal and urologic	PHY-3F98D6F745	Resident physician	10	10
case_CL120_EHR_045	renal_urology	Renal and urologic	PHY-8E177BF6B9	Resident physician	10	10
case_CL120_EHR_045	renal_urology	Renal and urologic	PHY-613485E574	Attending physician	10	10
case_CL120_EHR_045	renal_urology	Renal and urologic	PHY-944446CECD	Attending physician	10	10
case_CL120_EHR_045	renal_urology	Renal and urologic	PHY-ED0516D3FE	Associate-chief/chief physician	10	10
case_CL120_EHR_046	renal_urology	Renal and urologic	PHY-4BBF7B681D	Resident physician	10	10
case_CL120_EHR_046	renal_urology	Renal and urologic	PHY-ADE9557730	Resident physician	10	10
case_CL120_EHR_046	renal_urology	Renal and urologic	PHY-613485E574	Attending physician	10	10
case_CL120_EHR_046	renal_urology	Renal and urologic	PHY-9F5268815C	Attending physician	10	10
case_CL120_EHR_046	renal_urology	Renal and urologic	PHY-40DE8185EE	Associate-chief/chief physician	10	10
case_CL120_EHR_047	renal_urology	Renal and urologic	PHY-6B9832F1CB	Resident physician	10	10
case_CL120_EHR_047	renal_urology	Renal and urologic	PHY-8E177BF6B9	Resident physician	10	10
case_CL120_EHR_047	renal_urology	Renal and urologic	PHY-944446CECD	Attending physician	10	10
case_CL120_EHR_047	renal_urology	Renal and urologic	PHY-9F744DC3B0	Attending physician	10	10
case_CL120_EHR_047	renal_urology	Renal and urologic	PHY-ED0516D3FE	Associate-chief/chief physician	10	10
case_CL120_EHR_048	renal_urology	Renal and urologic	PHY-6B9832F1CB	Resident physician	10	10
case_CL120_EHR_048	renal_urology	Renal and urologic	PHY-ADE9557730	Resident physician	10	10
case_CL120_EHR_048	renal_urology	Renal and urologic	PHY-613485E574	Attending physician	10	10
case_CL120_EHR_048	renal_urology	Renal and urologic	PHY-9F744DC3B0	Attending physician	10	10
case_CL120_EHR_048	renal_urology	Renal and urologic	PHY-40DE8185EE	Associate-chief/chief physician	10	10
case_CL120_EHR_049	respiratory	Respiratory	PHY-BD3B661B3D	Resident physician	10	10
case_CL120_EHR_049	respiratory	Respiratory	PHY-D208B172BB	Resident physician	10	10
case_CL120_EHR_049	respiratory	Respiratory	PHY-5B210A27D4	Attending physician	10	10
case_CL120_EHR_049	respiratory	Respiratory	PHY-6CEA3FB6F4	Attending physician	10	10
case_CL120_EHR_049	respiratory	Respiratory	PHY-DAF316046C	Associate-chief/chief physician	10	10
case_CL120_EHR_050	gastro_hepatology	Gastroenterology and hepatology	PHY-026DC82E99	Resident physician	10	10
case_CL120_EHR_050	gastro_hepatology	Gastroenterology and hepatology	PHY-026E9BCDF0	Resident physician	10	10
case_CL120_EHR_050	gastro_hepatology	Gastroenterology and hepatology	PHY-26BF73945F	Attending physician	10	10
case_CL120_EHR_050	gastro_hepatology	Gastroenterology and hepatology	PHY-9F28568560	Attending physician	10	10
case_CL120_EHR_050	gastro_hepatology	Gastroenterology and hepatology	PHY-8F493003F1	Associate-chief/chief physician	10	10
case_CL120_EHR_051	gastro_hepatology	Gastroenterology and hepatology	PHY-BE06F68E7A	Resident physician	10	10
case_CL120_EHR_051	gastro_hepatology	Gastroenterology and hepatology	PHY-E6A39FC96A	Resident physician	10	10
case_CL120_EHR_051	gastro_hepatology	Gastroenterology and hepatology	PHY-26BF73945F	Attending physician	10	10
case_CL120_EHR_051	gastro_hepatology	Gastroenterology and hepatology	PHY-A534100B3F	Attending physician	10	10
case_CL120_EHR_051	gastro_hepatology	Gastroenterology and hepatology	PHY-D85512529E	Associate-chief/chief physician	10	10
case_CL120_EHR_052	gastro_hepatology	Gastroenterology and hepatology	PHY-026DC82E99	Resident physician	10	10
case_CL120_EHR_052	gastro_hepatology	Gastroenterology and hepatology	PHY-EBCB6F96BA	Resident physician	10	10
case_CL120_EHR_052	gastro_hepatology	Gastroenterology and hepatology	PHY-9F28568560	Attending physician	10	10
case_CL120_EHR_052	gastro_hepatology	Gastroenterology and hepatology	PHY-A534100B3F	Attending physician	10	10
case_CL120_EHR_052	gastro_hepatology	Gastroenterology and hepatology	PHY-8F493003F1	Associate-chief/chief physician	10	10
case_CL120_EHR_053	renal_urology	Renal and urologic	PHY-3F98D6F745	Resident physician	10	10
case_CL120_EHR_053	renal_urology	Renal and urologic	PHY-4BBF7B681D	Resident physician	10	10
case_CL120_EHR_053	renal_urology	Renal and urologic	PHY-944446CECD	Attending physician	10	10
case_CL120_EHR_053	renal_urology	Renal and urologic	PHY-9F5268815C	Attending physician	10	10
case_CL120_EHR_053	renal_urology	Renal and urologic	PHY-ED0516D3FE	Associate-chief/chief physician	10	10
case_CL120_EHR_054	gastro_hepatology	Gastroenterology and hepatology	PHY-026E9BCDF0	Resident physician	10	10
case_CL120_EHR_054	gastro_hepatology	Gastroenterology and hepatology	PHY-BE06F68E7A	Resident physician	10	10
case_CL120_EHR_054	gastro_hepatology	Gastroenterology and hepatology	PHY-26BF73945F	Attending physician	10	10
case_CL120_EHR_054	gastro_hepatology	Gastroenterology and hepatology	PHY-9F28568560	Attending physician	10	10
case_CL120_EHR_054	gastro_hepatology	Gastroenterology and hepatology	PHY-D85512529E	Associate-chief/chief physician	10	10
case_CL120_EHR_055	gastro_hepatology	Gastroenterology and hepatology	PHY-E6A39FC96A	Resident physician	10	10
case_CL120_EHR_055	gastro_hepatology	Gastroenterology and hepatology	PHY-EBCB6F96BA	Resident physician	10	10
case_CL120_EHR_055	gastro_hepatology	Gastroenterology and hepatology	PHY-26BF73945F	Attending physician	10	10
case_CL120_EHR_055	gastro_hepatology	Gastroenterology and hepatology	PHY-A534100B3F	Attending physician	10	10
case_CL120_EHR_055	gastro_hepatology	Gastroenterology and hepatology	PHY-8F493003F1	Associate-chief/chief physician	10	10
case_CL120_EHR_056	gastro_hepatology	Gastroenterology and hepatology	PHY-026DC82E99	Resident physician	10	10
case_CL120_EHR_056	gastro_hepatology	Gastroenterology and hepatology	PHY-BE06F68E7A	Resident physician	10	10
case_CL120_EHR_056	gastro_hepatology	Gastroenterology and hepatology	PHY-9F28568560	Attending physician	10	10
case_CL120_EHR_056	gastro_hepatology	Gastroenterology and hepatology	PHY-A534100B3F	Attending physician	10	10
case_CL120_EHR_056	gastro_hepatology	Gastroenterology and hepatology	PHY-D85512529E	Associate-chief/chief physician	10	10
case_CL120_EHR_057	gastro_hepatology	Gastroenterology and hepatology	PHY-026E9BCDF0	Resident physician	10	10
case_CL120_EHR_057	gastro_hepatology	Gastroenterology and hepatology	PHY-E6A39FC96A	Resident physician	10	10
case_CL120_EHR_057	gastro_hepatology	Gastroenterology and hepatology	PHY-26BF73945F	Attending physician	10	10
case_CL120_EHR_057	gastro_hepatology	Gastroenterology and hepatology	PHY-9F28568560	Attending physician	10	10
case_CL120_EHR_057	gastro_hepatology	Gastroenterology and hepatology	PHY-8F493003F1	Associate-chief/chief physician	10	10
case_CL120_EHR_058	gastro_hepatology	Gastroenterology and hepatology	PHY-026E9BCDF0	Resident physician	10	10
case_CL120_EHR_058	gastro_hepatology	Gastroenterology and hepatology	PHY-EBCB6F96BA	Resident physician	10	10
case_CL120_EHR_058	gastro_hepatology	Gastroenterology and hepatology	PHY-26BF73945F	Attending physician	10	10
case_CL120_EHR_058	gastro_hepatology	Gastroenterology and hepatology	PHY-A534100B3F	Attending physician	10	10
case_CL120_EHR_058	gastro_hepatology	Gastroenterology and hepatology	PHY-D85512529E	Associate-chief/chief physician	10	10
case_CL120_EHR_059	gastro_hepatology	Gastroenterology and hepatology	PHY-026DC82E99	Resident physician	10	10
case_CL120_EHR_059	gastro_hepatology	Gastroenterology and hepatology	PHY-E6A39FC96A	Resident physician	10	10
case_CL120_EHR_059	gastro_hepatology	Gastroenterology and hepatology	PHY-9F28568560	Attending physician	10	10
case_CL120_EHR_059	gastro_hepatology	Gastroenterology and hepatology	PHY-A534100B3F	Attending physician	10	10
case_CL120_EHR_059	gastro_hepatology	Gastroenterology and hepatology	PHY-8F493003F1	Associate-chief/chief physician	10	10
case_CL120_EHR_060	gastro_hepatology	Gastroenterology and hepatology	PHY-BE06F68E7A	Resident physician	10	10
case_CL120_EHR_060	gastro_hepatology	Gastroenterology and hepatology	PHY-EBCB6F96BA	Resident physician	10	10
case_CL120_EHR_060	gastro_hepatology	Gastroenterology and hepatology	PHY-26BF73945F	Attending physician	10	10
case_CL120_EHR_060	gastro_hepatology	Gastroenterology and hepatology	PHY-9F28568560	Attending physician	10	10
case_CL120_EHR_060	gastro_hepatology	Gastroenterology and hepatology	PHY-D85512529E	Associate-chief/chief physician	10	10
case_CL120_EHR_061	neurology	Neurology	PHY-36B6CF4EAA	Resident physician	10	10
case_CL120_EHR_061	neurology	Neurology	PHY-5024131188	Resident physician	10	10
case_CL120_EHR_061	neurology	Neurology	PHY-092E540159	Attending physician	10	10
case_CL120_EHR_061	neurology	Neurology	PHY-920AFB12BD	Attending physician	10	10
case_CL120_EHR_061	neurology	Neurology	PHY-CEB6A9EDE6	Associate-chief/chief physician	10	10
case_CL120_EHR_062	neurology	Neurology	PHY-7262F692E7	Resident physician	10	10
case_CL120_EHR_062	neurology	Neurology	PHY-748A8758BE	Resident physician	10	10
case_CL120_EHR_062	neurology	Neurology	PHY-092E540159	Attending physician	10	10
case_CL120_EHR_062	neurology	Neurology	PHY-D57321923C	Attending physician	10	10
case_CL120_EHR_062	neurology	Neurology	PHY-CEB6A9EDE6	Associate-chief/chief physician	10	10
case_CL120_EHR_063	neurology	Neurology	PHY-36B6CF4EAA	Resident physician	10	10
case_CL120_EHR_063	neurology	Neurology	PHY-D2EC6BDB3E	Resident physician	10	10
case_CL120_EHR_063	neurology	Neurology	PHY-920AFB12BD	Attending physician	10	10
case_CL120_EHR_063	neurology	Neurology	PHY-D57321923C	Attending physician	10	10
case_CL120_EHR_063	neurology	Neurology	PHY-CEB6A9EDE6	Associate-chief/chief physician	10	10
case_CL120_EHR_064	neurology	Neurology	PHY-5024131188	Resident physician	10	10
case_CL120_EHR_064	neurology	Neurology	PHY-7262F692E7	Resident physician	10	10
case_CL120_EHR_064	neurology	Neurology	PHY-092E540159	Attending physician	10	10
case_CL120_EHR_064	neurology	Neurology	PHY-920AFB12BD	Attending physician	10	10
case_CL120_EHR_064	neurology	Neurology	PHY-CEB6A9EDE6	Associate-chief/chief physician	10	10
case_CL120_EHR_065	neurology	Neurology	PHY-748A8758BE	Resident physician	10	10
case_CL120_EHR_065	neurology	Neurology	PHY-D2EC6BDB3E	Resident physician	10	10
case_CL120_EHR_065	neurology	Neurology	PHY-092E540159	Attending physician	10	10
case_CL120_EHR_065	neurology	Neurology	PHY-D57321923C	Attending physician	10	10
case_CL120_EHR_065	neurology	Neurology	PHY-CEB6A9EDE6	Associate-chief/chief physician	10	10
case_CL120_EHR_066	neurology	Neurology	PHY-36B6CF4EAA	Resident physician	10	10
case_CL120_EHR_066	neurology	Neurology	PHY-7262F692E7	Resident physician	10	10
case_CL120_EHR_066	neurology	Neurology	PHY-920AFB12BD	Attending physician	10	10
case_CL120_EHR_066	neurology	Neurology	PHY-D57321923C	Attending physician	10	10
case_CL120_EHR_066	neurology	Neurology	PHY-CEB6A9EDE6	Associate-chief/chief physician	10	10
case_CL120_EHR_067	neurology	Neurology	PHY-5024131188	Resident physician	10	10
case_CL120_EHR_067	neurology	Neurology	PHY-748A8758BE	Resident physician	10	10
case_CL120_EHR_067	neurology	Neurology	PHY-092E540159	Attending physician	10	10
case_CL120_EHR_067	neurology	Neurology	PHY-920AFB12BD	Attending physician	10	10
case_CL120_EHR_067	neurology	Neurology	PHY-CEB6A9EDE6	Associate-chief/chief physician	10	10
case_CL120_EHR_068	neurology	Neurology	PHY-5024131188	Resident physician	10	10
case_CL120_EHR_068	neurology	Neurology	PHY-D2EC6BDB3E	Resident physician	10	10
case_CL120_EHR_068	neurology	Neurology	PHY-092E540159	Attending physician	10	10
case_CL120_EHR_068	neurology	Neurology	PHY-D57321923C	Attending physician	10	10
case_CL120_EHR_068	neurology	Neurology	PHY-CEB6A9EDE6	Associate-chief/chief physician	10	10
case_CL120_EHR_069	neurology	Neurology	PHY-36B6CF4EAA	Resident physician	10	10
case_CL120_EHR_069	neurology	Neurology	PHY-748A8758BE	Resident physician	10	10
case_CL120_EHR_069	neurology	Neurology	PHY-920AFB12BD	Attending physician	10	10
case_CL120_EHR_069	neurology	Neurology	PHY-D57321923C	Attending physician	10	10
case_CL120_EHR_069	neurology	Neurology	PHY-CEB6A9EDE6	Associate-chief/chief physician	10	10
case_CL120_EHR_070	neurology	Neurology	PHY-7262F692E7	Resident physician	10	10
case_CL120_EHR_070	neurology	Neurology	PHY-D2EC6BDB3E	Resident physician	10	10
case_CL120_EHR_070	neurology	Neurology	PHY-092E540159	Attending physician	10	10
case_CL120_EHR_070	neurology	Neurology	PHY-920AFB12BD	Attending physician	10	10
case_CL120_EHR_070	neurology	Neurology	PHY-CEB6A9EDE6	Associate-chief/chief physician	10	10
case_CL120_EHR_071	obstetrics_gynecology	Obstetrics and gynecology	PHY-5AA25BF19F	Resident physician	10	10
case_CL120_EHR_071	obstetrics_gynecology	Obstetrics and gynecology	PHY-5EFE92766E	Resident physician	10	10
case_CL120_EHR_071	obstetrics_gynecology	Obstetrics and gynecology	PHY-3A424871B0	Attending physician	10	10
case_CL120_EHR_071	obstetrics_gynecology	Obstetrics and gynecology	PHY-463A1BD498	Attending physician	10	10
case_CL120_EHR_071	obstetrics_gynecology	Obstetrics and gynecology	PHY-1850B669F4	Associate-chief/chief physician	10	10
case_CL120_EHR_072	obstetrics_gynecology	Obstetrics and gynecology	PHY-5AA25BF19F	Resident physician	10	10
case_CL120_EHR_072	obstetrics_gynecology	Obstetrics and gynecology	PHY-C906AE53CE	Resident physician	10	10
case_CL120_EHR_072	obstetrics_gynecology	Obstetrics and gynecology	PHY-3A424871B0	Attending physician	10	10
case_CL120_EHR_072	obstetrics_gynecology	Obstetrics and gynecology	PHY-6C99E7126B	Attending physician	10	10
case_CL120_EHR_072	obstetrics_gynecology	Obstetrics and gynecology	PHY-34FF5BC13B	Associate-chief/chief physician	10	10
case_CL120_EHR_073	obstetrics_gynecology	Obstetrics and gynecology	PHY-E30A01B052	Resident physician	10	10
case_CL120_EHR_073	obstetrics_gynecology	Obstetrics and gynecology	PHY-F2144BE264	Resident physician	10	10
case_CL120_EHR_073	obstetrics_gynecology	Obstetrics and gynecology	PHY-B3447DBE24	Attending physician	10	10
case_CL120_EHR_073	obstetrics_gynecology	Obstetrics and gynecology	PHY-D67BF0F5B0	Attending physician	10	10
case_CL120_EHR_073	obstetrics_gynecology	Obstetrics and gynecology	PHY-1850B669F4	Associate-chief/chief physician	10	10
case_CL120_EHR_074	obstetrics_gynecology	Obstetrics and gynecology	PHY-5AA25BF19F	Resident physician	10	10
case_CL120_EHR_074	obstetrics_gynecology	Obstetrics and gynecology	PHY-E30A01B052	Resident physician	10	10
case_CL120_EHR_074	obstetrics_gynecology	Obstetrics and gynecology	PHY-3A424871B0	Attending physician	10	10
case_CL120_EHR_074	obstetrics_gynecology	Obstetrics and gynecology	PHY-B3447DBE24	Attending physician	10	10
case_CL120_EHR_074	obstetrics_gynecology	Obstetrics and gynecology	PHY-34FF5BC13B	Associate-chief/chief physician	10	10
case_CL120_EHR_075	obstetrics_gynecology	Obstetrics and gynecology	PHY-5EFE92766E	Resident physician	10	10
case_CL120_EHR_075	obstetrics_gynecology	Obstetrics and gynecology	PHY-C906AE53CE	Resident physician	10	10
case_CL120_EHR_075	obstetrics_gynecology	Obstetrics and gynecology	PHY-463A1BD498	Attending physician	10	10
case_CL120_EHR_075	obstetrics_gynecology	Obstetrics and gynecology	PHY-6C99E7126B	Attending physician	10	10
case_CL120_EHR_075	obstetrics_gynecology	Obstetrics and gynecology	PHY-1850B669F4	Associate-chief/chief physician	10	10
case_CL120_EHR_076	obstetrics_gynecology	Obstetrics and gynecology	PHY-5AA25BF19F	Resident physician	10	10
case_CL120_EHR_076	obstetrics_gynecology	Obstetrics and gynecology	PHY-F2144BE264	Resident physician	10	10
case_CL120_EHR_076	obstetrics_gynecology	Obstetrics and gynecology	PHY-3A424871B0	Attending physician	10	10
case_CL120_EHR_076	obstetrics_gynecology	Obstetrics and gynecology	PHY-D67BF0F5B0	Attending physician	10	10
case_CL120_EHR_076	obstetrics_gynecology	Obstetrics and gynecology	PHY-34FF5BC13B	Associate-chief/chief physician	10	10
case_CL120_EHR_077	obstetrics_gynecology	Obstetrics and gynecology	PHY-5EFE92766E	Resident physician	10	10
case_CL120_EHR_077	obstetrics_gynecology	Obstetrics and gynecology	PHY-E30A01B052	Resident physician	10	10
case_CL120_EHR_077	obstetrics_gynecology	Obstetrics and gynecology	PHY-463A1BD498	Attending physician	10	10
case_CL120_EHR_077	obstetrics_gynecology	Obstetrics and gynecology	PHY-B3447DBE24	Attending physician	10	10
case_CL120_EHR_077	obstetrics_gynecology	Obstetrics and gynecology	PHY-1850B669F4	Associate-chief/chief physician	10	10
case_CL120_EHR_078	obstetrics_gynecology	Obstetrics and gynecology	PHY-C906AE53CE	Resident physician	10	10
case_CL120_EHR_078	obstetrics_gynecology	Obstetrics and gynecology	PHY-F2144BE264	Resident physician	10	10
case_CL120_EHR_078	obstetrics_gynecology	Obstetrics and gynecology	PHY-6C99E7126B	Attending physician	10	10
case_CL120_EHR_078	obstetrics_gynecology	Obstetrics and gynecology	PHY-D67BF0F5B0	Attending physician	10	10
case_CL120_EHR_078	obstetrics_gynecology	Obstetrics and gynecology	PHY-34FF5BC13B	Associate-chief/chief physician	10	10
case_CL120_EHR_079	pediatrics	Pediatrics	PHY-8CE5568EB7	Resident physician	10	10
case_CL120_EHR_079	pediatrics	Pediatrics	PHY-AA705B3D44	Resident physician	10	10
case_CL120_EHR_079	pediatrics	Pediatrics	PHY-3D0085557D	Attending physician	10	10
case_CL120_EHR_079	pediatrics	Pediatrics	PHY-95BFA54EF8	Attending physician	10	10
case_CL120_EHR_079	pediatrics	Pediatrics	PHY-66309390F2	Associate-chief/chief physician	10	10
case_CL120_EHR_080	pediatrics	Pediatrics	PHY-8CE5568EB7	Resident physician	10	10
case_CL120_EHR_080	pediatrics	Pediatrics	PHY-DBD0994D22	Resident physician	10	10
case_CL120_EHR_080	pediatrics	Pediatrics	PHY-3D0085557D	Attending physician	10	10
case_CL120_EHR_080	pediatrics	Pediatrics	PHY-B1BAD7160D	Attending physician	10	10
case_CL120_EHR_080	pediatrics	Pediatrics	PHY-A9834FCF82	Associate-chief/chief physician	10	10
case_CL120_EHR_081	pediatrics	Pediatrics	PHY-AA705B3D44	Resident physician	10	10
case_CL120_EHR_081	pediatrics	Pediatrics	PHY-DBD0994D22	Resident physician	10	10
case_CL120_EHR_081	pediatrics	Pediatrics	PHY-95BFA54EF8	Attending physician	10	10
case_CL120_EHR_081	pediatrics	Pediatrics	PHY-B1BAD7160D	Attending physician	10	10
case_CL120_EHR_081	pediatrics	Pediatrics	PHY-66309390F2	Associate-chief/chief physician	10	10
case_CL120_EHR_082	pediatrics	Pediatrics	PHY-8CE5568EB7	Resident physician	10	10
case_CL120_EHR_082	pediatrics	Pediatrics	PHY-AA705B3D44	Resident physician	10	10
case_CL120_EHR_082	pediatrics	Pediatrics	PHY-3D0085557D	Attending physician	10	10
case_CL120_EHR_082	pediatrics	Pediatrics	PHY-95BFA54EF8	Attending physician	10	10
case_CL120_EHR_082	pediatrics	Pediatrics	PHY-A9834FCF82	Associate-chief/chief physician	10	10
case_CL120_EHR_083	pediatrics	Pediatrics	PHY-8CE5568EB7	Resident physician	10	10
case_CL120_EHR_083	pediatrics	Pediatrics	PHY-DBD0994D22	Resident physician	10	10
case_CL120_EHR_083	pediatrics	Pediatrics	PHY-3D0085557D	Attending physician	10	10
case_CL120_EHR_083	pediatrics	Pediatrics	PHY-B1BAD7160D	Attending physician	10	10
case_CL120_EHR_083	pediatrics	Pediatrics	PHY-66309390F2	Associate-chief/chief physician	10	10
case_CL120_EHR_084	pediatrics	Pediatrics	PHY-AA705B3D44	Resident physician	10	10
case_CL120_EHR_084	pediatrics	Pediatrics	PHY-DBD0994D22	Resident physician	10	10
case_CL120_EHR_084	pediatrics	Pediatrics	PHY-95BFA54EF8	Attending physician	10	10
case_CL120_EHR_084	pediatrics	Pediatrics	PHY-B1BAD7160D	Attending physician	10	10
case_CL120_EHR_084	pediatrics	Pediatrics	PHY-A9834FCF82	Associate-chief/chief physician	10	10
case_CL120_EHR_085	pediatrics	Pediatrics	PHY-8CE5568EB7	Resident physician	10	10
case_CL120_EHR_085	pediatrics	Pediatrics	PHY-AA705B3D44	Resident physician	10	10
case_CL120_EHR_085	pediatrics	Pediatrics	PHY-3D0085557D	Attending physician	10	10
case_CL120_EHR_085	pediatrics	Pediatrics	PHY-95BFA54EF8	Attending physician	10	10
case_CL120_EHR_085	pediatrics	Pediatrics	PHY-66309390F2	Associate-chief/chief physician	10	10
case_CL120_EHR_086	pediatrics	Pediatrics	PHY-8CE5568EB7	Resident physician	10	10
case_CL120_EHR_086	pediatrics	Pediatrics	PHY-DBD0994D22	Resident physician	10	10
case_CL120_EHR_086	pediatrics	Pediatrics	PHY-3D0085557D	Attending physician	10	10
case_CL120_EHR_086	pediatrics	Pediatrics	PHY-B1BAD7160D	Attending physician	10	10
case_CL120_EHR_086	pediatrics	Pediatrics	PHY-A9834FCF82	Associate-chief/chief physician	10	10
case_CL120_EHR_087	oncology_hematology	Oncology and hematology	PHY-61196B4D05	Resident physician	10	10
case_CL120_EHR_087	oncology_hematology	Oncology and hematology	PHY-6BEE682A26	Resident physician	10	10
case_CL120_EHR_087	oncology_hematology	Oncology and hematology	PHY-06E7DF0D82	Attending physician	10	10
case_CL120_EHR_087	oncology_hematology	Oncology and hematology	PHY-49A3711D75	Attending physician	10	10
case_CL120_EHR_087	oncology_hematology	Oncology and hematology	PHY-7AB833B9E5	Associate-chief/chief physician	10	10
case_CL120_EHR_088	oncology_hematology	Oncology and hematology	PHY-70E84976C9	Resident physician	10	10
case_CL120_EHR_088	oncology_hematology	Oncology and hematology	PHY-9DBC8B1F57	Resident physician	10	10
case_CL120_EHR_088	oncology_hematology	Oncology and hematology	PHY-70AB5F3E4F	Attending physician	10	10
case_CL120_EHR_088	oncology_hematology	Oncology and hematology	PHY-A2EB7DC4A3	Attending physician	10	10
case_CL120_EHR_088	oncology_hematology	Oncology and hematology	PHY-B61CF1190B	Associate-chief/chief physician	10	10
case_CL120_EHR_089	oncology_hematology	Oncology and hematology	PHY-61196B4D05	Resident physician	10	10
case_CL120_EHR_089	oncology_hematology	Oncology and hematology	PHY-B85590ABD7	Resident physician	10	10
case_CL120_EHR_089	oncology_hematology	Oncology and hematology	PHY-06E7DF0D82	Attending physician	10	10
case_CL120_EHR_089	oncology_hematology	Oncology and hematology	PHY-B87FF84AF5	Attending physician	10	10
case_CL120_EHR_089	oncology_hematology	Oncology and hematology	PHY-7AB833B9E5	Associate-chief/chief physician	10	10
case_CL120_EHR_090	oncology_hematology	Oncology and hematology	PHY-6BEE682A26	Resident physician	10	10
case_CL120_EHR_090	oncology_hematology	Oncology and hematology	PHY-70E84976C9	Resident physician	10	10
case_CL120_EHR_090	oncology_hematology	Oncology and hematology	PHY-49A3711D75	Attending physician	10	10
case_CL120_EHR_090	oncology_hematology	Oncology and hematology	PHY-70AB5F3E4F	Attending physician	10	10
case_CL120_EHR_090	oncology_hematology	Oncology and hematology	PHY-B61CF1190B	Associate-chief/chief physician	10	10
case_CL120_EHR_091	oncology_hematology	Oncology and hematology	PHY-9DBC8B1F57	Resident physician	10	10
case_CL120_EHR_091	oncology_hematology	Oncology and hematology	PHY-B85590ABD7	Resident physician	10	10
case_CL120_EHR_091	oncology_hematology	Oncology and hematology	PHY-A2EB7DC4A3	Attending physician	10	10
case_CL120_EHR_091	oncology_hematology	Oncology and hematology	PHY-B87FF84AF5	Attending physician	10	10
case_CL120_EHR_091	oncology_hematology	Oncology and hematology	PHY-7AB833B9E5	Associate-chief/chief physician	10	10
case_CL120_EHR_092	oncology_hematology	Oncology and hematology	PHY-61196B4D05	Resident physician	10	10
case_CL120_EHR_092	oncology_hematology	Oncology and hematology	PHY-70E84976C9	Resident physician	10	10
case_CL120_EHR_092	oncology_hematology	Oncology and hematology	PHY-06E7DF0D82	Attending physician	10	10
case_CL120_EHR_092	oncology_hematology	Oncology and hematology	PHY-70AB5F3E4F	Attending physician	10	10
case_CL120_EHR_092	oncology_hematology	Oncology and hematology	PHY-B61CF1190B	Associate-chief/chief physician	10	10
case_CL120_EHR_093	oncology_hematology	Oncology and hematology	PHY-6BEE682A26	Resident physician	10	10
case_CL120_EHR_093	oncology_hematology	Oncology and hematology	PHY-9DBC8B1F57	Resident physician	10	10
case_CL120_EHR_093	oncology_hematology	Oncology and hematology	PHY-49A3711D75	Attending physician	10	10
case_CL120_EHR_093	oncology_hematology	Oncology and hematology	PHY-A2EB7DC4A3	Attending physician	10	10
case_CL120_EHR_093	oncology_hematology	Oncology and hematology	PHY-7AB833B9E5	Associate-chief/chief physician	10	10
case_CL120_EHR_094	oncology_hematology	Oncology and hematology	PHY-6BEE682A26	Resident physician	10	10
case_CL120_EHR_094	oncology_hematology	Oncology and hematology	PHY-B85590ABD7	Resident physician	10	10
case_CL120_EHR_094	oncology_hematology	Oncology and hematology	PHY-49A3711D75	Attending physician	10	10
case_CL120_EHR_094	oncology_hematology	Oncology and hematology	PHY-B87FF84AF5	Attending physician	10	10
case_CL120_EHR_094	oncology_hematology	Oncology and hematology	PHY-B61CF1190B	Associate-chief/chief physician	10	10
case_CL120_EHR_095	oncology_hematology	Oncology and hematology	PHY-61196B4D05	Resident physician	10	10
case_CL120_EHR_095	oncology_hematology	Oncology and hematology	PHY-9DBC8B1F57	Resident physician	10	10
case_CL120_EHR_095	oncology_hematology	Oncology and hematology	PHY-06E7DF0D82	Attending physician	10	10
case_CL120_EHR_095	oncology_hematology	Oncology and hematology	PHY-A2EB7DC4A3	Attending physician	10	10
case_CL120_EHR_095	oncology_hematology	Oncology and hematology	PHY-7AB833B9E5	Associate-chief/chief physician	10	10
case_CL120_EHR_096	oncology_hematology	Oncology and hematology	PHY-70E84976C9	Resident physician	10	10
case_CL120_EHR_096	oncology_hematology	Oncology and hematology	PHY-B85590ABD7	Resident physician	10	10
case_CL120_EHR_096	oncology_hematology	Oncology and hematology	PHY-70AB5F3E4F	Attending physician	10	10
case_CL120_EHR_096	oncology_hematology	Oncology and hematology	PHY-B87FF84AF5	Attending physician	10	10
case_CL120_EHR_096	oncology_hematology	Oncology and hematology	PHY-B61CF1190B	Associate-chief/chief physician	10	10
case_CL120_EHR_097	infectious_disease	Infectious disease	PHY-6BAA1D1911	Resident physician	10	10
case_CL120_EHR_097	infectious_disease	Infectious disease	PHY-8DF7B2C335	Resident physician	10	10
case_CL120_EHR_097	infectious_disease	Infectious disease	PHY-04E8D43F16	Attending physician	10	10
case_CL120_EHR_097	infectious_disease	Infectious disease	PHY-1ABA4A9C56	Attending physician	10	10
case_CL120_EHR_097	infectious_disease	Infectious disease	PHY-8303344972	Associate-chief/chief physician	10	10
case_CL120_EHR_098	infectious_disease	Infectious disease	PHY-6BAA1D1911	Resident physician	10	10
case_CL120_EHR_098	infectious_disease	Infectious disease	PHY-D4794E2E7C	Resident physician	10	10
case_CL120_EHR_098	infectious_disease	Infectious disease	PHY-04E8D43F16	Attending physician	10	10
case_CL120_EHR_098	infectious_disease	Infectious disease	PHY-6F705C1CD4	Attending physician	10	10
case_CL120_EHR_098	infectious_disease	Infectious disease	PHY-8303344972	Associate-chief/chief physician	10	10
case_CL120_EHR_099	infectious_disease	Infectious disease	PHY-8DF7B2C335	Resident physician	10	10
case_CL120_EHR_099	infectious_disease	Infectious disease	PHY-D4794E2E7C	Resident physician	10	10
case_CL120_EHR_099	infectious_disease	Infectious disease	PHY-1ABA4A9C56	Attending physician	10	10
case_CL120_EHR_099	infectious_disease	Infectious disease	PHY-6F705C1CD4	Attending physician	10	10
case_CL120_EHR_099	infectious_disease	Infectious disease	PHY-8303344972	Associate-chief/chief physician	10	10
case_CL120_EHR_100	infectious_disease	Infectious disease	PHY-6BAA1D1911	Resident physician	10	10
case_CL120_EHR_100	infectious_disease	Infectious disease	PHY-8DF7B2C335	Resident physician	10	10
case_CL120_EHR_100	infectious_disease	Infectious disease	PHY-04E8D43F16	Attending physician	10	10
case_CL120_EHR_100	infectious_disease	Infectious disease	PHY-1ABA4A9C56	Attending physician	10	10
case_CL120_EHR_100	infectious_disease	Infectious disease	PHY-8303344972	Associate-chief/chief physician	10	10
case_CL120_EHR_101	infectious_disease	Infectious disease	PHY-6BAA1D1911	Resident physician	10	10
case_CL120_EHR_101	infectious_disease	Infectious disease	PHY-D4794E2E7C	Resident physician	10	10
case_CL120_EHR_101	infectious_disease	Infectious disease	PHY-04E8D43F16	Attending physician	10	10
case_CL120_EHR_101	infectious_disease	Infectious disease	PHY-6F705C1CD4	Attending physician	10	10
case_CL120_EHR_101	infectious_disease	Infectious disease	PHY-8303344972	Associate-chief/chief physician	10	10
case_CL120_EHR_102	infectious_disease	Infectious disease	PHY-8DF7B2C335	Resident physician	10	10
case_CL120_EHR_102	infectious_disease	Infectious disease	PHY-D4794E2E7C	Resident physician	10	10
case_CL120_EHR_102	infectious_disease	Infectious disease	PHY-1ABA4A9C56	Attending physician	10	10
case_CL120_EHR_102	infectious_disease	Infectious disease	PHY-6F705C1CD4	Attending physician	10	10
case_CL120_EHR_102	infectious_disease	Infectious disease	PHY-8303344972	Associate-chief/chief physician	10	10
case_CL120_EHR_103	infectious_disease	Infectious disease	PHY-6BAA1D1911	Resident physician	10	10
case_CL120_EHR_103	infectious_disease	Infectious disease	PHY-8DF7B2C335	Resident physician	10	10
case_CL120_EHR_103	infectious_disease	Infectious disease	PHY-04E8D43F16	Attending physician	10	10
case_CL120_EHR_103	infectious_disease	Infectious disease	PHY-1ABA4A9C56	Attending physician	10	10
case_CL120_EHR_103	infectious_disease	Infectious disease	PHY-8303344972	Associate-chief/chief physician	10	10
case_CL120_EHR_104	infectious_disease	Infectious disease	PHY-6BAA1D1911	Resident physician	10	10
case_CL120_EHR_104	infectious_disease	Infectious disease	PHY-D4794E2E7C	Resident physician	10	10
case_CL120_EHR_104	infectious_disease	Infectious disease	PHY-04E8D43F16	Attending physician	10	10
case_CL120_EHR_104	infectious_disease	Infectious disease	PHY-6F705C1CD4	Attending physician	10	10
case_CL120_EHR_104	infectious_disease	Infectious disease	PHY-8303344972	Associate-chief/chief physician	10	10
case_CL120_EHR_105	musculoskeletal_geriatrics	Musculoskeletal and geriatrics	PHY-9D2F39B7D6	Resident physician	10	10
case_CL120_EHR_105	musculoskeletal_geriatrics	Musculoskeletal and geriatrics	PHY-C49FFF420F	Resident physician	10	10
case_CL120_EHR_105	musculoskeletal_geriatrics	Musculoskeletal and geriatrics	PHY-13948F8BCC	Attending physician	10	10
case_CL120_EHR_105	musculoskeletal_geriatrics	Musculoskeletal and geriatrics	PHY-1D4169A77D	Attending physician	10	10
case_CL120_EHR_105	musculoskeletal_geriatrics	Musculoskeletal and geriatrics	PHY-BECEE6FB67	Associate-chief/chief physician	10	10
case_CL120_EHR_106	musculoskeletal_geriatrics	Musculoskeletal and geriatrics	PHY-C682AC6EFD	Resident physician	10	10
case_CL120_EHR_106	musculoskeletal_geriatrics	Musculoskeletal and geriatrics	PHY-CB322A1FCF	Resident physician	10	10
case_CL120_EHR_106	musculoskeletal_geriatrics	Musculoskeletal and geriatrics	PHY-13948F8BCC	Attending physician	10	10
case_CL120_EHR_106	musculoskeletal_geriatrics	Musculoskeletal and geriatrics	PHY-2A0F2F7054	Attending physician	10	10
case_CL120_EHR_106	musculoskeletal_geriatrics	Musculoskeletal and geriatrics	PHY-E7E1A8ED96	Associate-chief/chief physician	10	10
case_CL120_EHR_107	musculoskeletal_geriatrics	Musculoskeletal and geriatrics	PHY-9D2F39B7D6	Resident physician	10	10
case_CL120_EHR_107	musculoskeletal_geriatrics	Musculoskeletal and geriatrics	PHY-C682AC6EFD	Resident physician	10	10
case_CL120_EHR_107	musculoskeletal_geriatrics	Musculoskeletal and geriatrics	PHY-48AA713B05	Attending physician	10	10
case_CL120_EHR_107	musculoskeletal_geriatrics	Musculoskeletal and geriatrics	PHY-E33AEAD285	Attending physician	10	10
case_CL120_EHR_107	musculoskeletal_geriatrics	Musculoskeletal and geriatrics	PHY-BECEE6FB67	Associate-chief/chief physician	10	10
case_CL120_EHR_108	musculoskeletal_geriatrics	Musculoskeletal and geriatrics	PHY-C49FFF420F	Resident physician	10	10
case_CL120_EHR_108	musculoskeletal_geriatrics	Musculoskeletal and geriatrics	PHY-CB322A1FCF	Resident physician	10	10
case_CL120_EHR_108	musculoskeletal_geriatrics	Musculoskeletal and geriatrics	PHY-13948F8BCC	Attending physician	10	10
case_CL120_EHR_108	musculoskeletal_geriatrics	Musculoskeletal and geriatrics	PHY-48AA713B05	Attending physician	10	10
case_CL120_EHR_108	musculoskeletal_geriatrics	Musculoskeletal and geriatrics	PHY-E7E1A8ED96	Associate-chief/chief physician	10	10
case_CL120_EHR_109	musculoskeletal_geriatrics	Musculoskeletal and geriatrics	PHY-9D2F39B7D6	Resident physician	10	10
case_CL120_EHR_109	musculoskeletal_geriatrics	Musculoskeletal and geriatrics	PHY-CB322A1FCF	Resident physician	10	10
case_CL120_EHR_109	musculoskeletal_geriatrics	Musculoskeletal and geriatrics	PHY-1D4169A77D	Attending physician	10	10
case_CL120_EHR_109	musculoskeletal_geriatrics	Musculoskeletal and geriatrics	PHY-2A0F2F7054	Attending physician	10	10
case_CL120_EHR_109	musculoskeletal_geriatrics	Musculoskeletal and geriatrics	PHY-BECEE6FB67	Associate-chief/chief physician	10	10
case_CL120_EHR_110	musculoskeletal_geriatrics	Musculoskeletal and geriatrics	PHY-C49FFF420F	Resident physician	10	10
case_CL120_EHR_110	musculoskeletal_geriatrics	Musculoskeletal and geriatrics	PHY-C682AC6EFD	Resident physician	10	10
case_CL120_EHR_110	musculoskeletal_geriatrics	Musculoskeletal and geriatrics	PHY-13948F8BCC	Attending physician	10	10
case_CL120_EHR_110	musculoskeletal_geriatrics	Musculoskeletal and geriatrics	PHY-E33AEAD285	Attending physician	10	10
case_CL120_EHR_110	musculoskeletal_geriatrics	Musculoskeletal and geriatrics	PHY-E7E1A8ED96	Associate-chief/chief physician	10	10
case_CL120_EHR_111	musculoskeletal_geriatrics	Musculoskeletal and geriatrics	PHY-9D2F39B7D6	Resident physician	10	10
case_CL120_EHR_111	musculoskeletal_geriatrics	Musculoskeletal and geriatrics	PHY-C49FFF420F	Resident physician	10	10
case_CL120_EHR_111	musculoskeletal_geriatrics	Musculoskeletal and geriatrics	PHY-1D4169A77D	Attending physician	10	10
case_CL120_EHR_111	musculoskeletal_geriatrics	Musculoskeletal and geriatrics	PHY-48AA713B05	Attending physician	10	10
case_CL120_EHR_111	musculoskeletal_geriatrics	Musculoskeletal and geriatrics	PHY-BECEE6FB67	Associate-chief/chief physician	10	10
case_CL120_EHR_112	musculoskeletal_geriatrics	Musculoskeletal and geriatrics	PHY-C682AC6EFD	Resident physician	10	10
case_CL120_EHR_112	musculoskeletal_geriatrics	Musculoskeletal and geriatrics	PHY-CB322A1FCF	Resident physician	10	10
case_CL120_EHR_112	musculoskeletal_geriatrics	Musculoskeletal and geriatrics	PHY-2A0F2F7054	Attending physician	10	10
case_CL120_EHR_112	musculoskeletal_geriatrics	Musculoskeletal and geriatrics	PHY-E33AEAD285	Attending physician	10	10
case_CL120_EHR_112	musculoskeletal_geriatrics	Musculoskeletal and geriatrics	PHY-E7E1A8ED96	Associate-chief/chief physician	10	10
case_CL120_EHR_113	mental_health_somatic	Mental health and somatic care	PHY-4058B40494	Resident physician	10	10
case_CL120_EHR_113	mental_health_somatic	Mental health and somatic care	PHY-424D15CA11	Resident physician	10	10
case_CL120_EHR_113	mental_health_somatic	Mental health and somatic care	PHY-2F60F52850	Attending physician	10	10
case_CL120_EHR_113	mental_health_somatic	Mental health and somatic care	PHY-A3C9214794	Attending physician	10	10
case_CL120_EHR_113	mental_health_somatic	Mental health and somatic care	PHY-DC1CE194A6	Associate-chief/chief physician	10	10
case_CL120_EHR_114	mental_health_somatic	Mental health and somatic care	PHY-4058B40494	Resident physician	10	10
case_CL120_EHR_114	mental_health_somatic	Mental health and somatic care	PHY-8100981DFA	Resident physician	10	10
case_CL120_EHR_114	mental_health_somatic	Mental health and somatic care	PHY-2F60F52850	Attending physician	10	10
case_CL120_EHR_114	mental_health_somatic	Mental health and somatic care	PHY-A3C9214794	Attending physician	10	10
case_CL120_EHR_114	mental_health_somatic	Mental health and somatic care	PHY-DC1CE194A6	Associate-chief/chief physician	10	10
case_CL120_EHR_115	mental_health_somatic	Mental health and somatic care	PHY-424D15CA11	Resident physician	10	10
case_CL120_EHR_115	mental_health_somatic	Mental health and somatic care	PHY-DB4660E620	Resident physician	10	10
case_CL120_EHR_115	mental_health_somatic	Mental health and somatic care	PHY-2F60F52850	Attending physician	10	10
case_CL120_EHR_115	mental_health_somatic	Mental health and somatic care	PHY-A3C9214794	Attending physician	10	10
case_CL120_EHR_115	mental_health_somatic	Mental health and somatic care	PHY-E804E65D1E	Associate-chief/chief physician	10	10
case_CL120_EHR_116	mental_health_somatic	Mental health and somatic care	PHY-4058B40494	Resident physician	10	10
case_CL120_EHR_116	mental_health_somatic	Mental health and somatic care	PHY-DB4660E620	Resident physician	10	10
case_CL120_EHR_116	mental_health_somatic	Mental health and somatic care	PHY-2F60F52850	Attending physician	10	10
case_CL120_EHR_116	mental_health_somatic	Mental health and somatic care	PHY-A3C9214794	Attending physician	10	10
case_CL120_EHR_116	mental_health_somatic	Mental health and somatic care	PHY-DC1CE194A6	Associate-chief/chief physician	10	10
case_CL120_EHR_117	mental_health_somatic	Mental health and somatic care	PHY-424D15CA11	Resident physician	10	10
case_CL120_EHR_117	mental_health_somatic	Mental health and somatic care	PHY-8100981DFA	Resident physician	10	10
case_CL120_EHR_117	mental_health_somatic	Mental health and somatic care	PHY-2F60F52850	Attending physician	10	10
case_CL120_EHR_117	mental_health_somatic	Mental health and somatic care	PHY-A3C9214794	Attending physician	10	10
case_CL120_EHR_117	mental_health_somatic	Mental health and somatic care	PHY-E804E65D1E	Associate-chief/chief physician	10	10
case_CL120_EHR_118	dermatology_ent_ophthalmology	Dermatology, ENT, and ophthalmology	PHY-137E04705B	Resident physician	10	10
case_CL120_EHR_118	dermatology_ent_ophthalmology	Dermatology, ENT, and ophthalmology	PHY-5779C2BDC4	Resident physician	10	10
case_CL120_EHR_118	dermatology_ent_ophthalmology	Dermatology, ENT, and ophthalmology	PHY-027349F852	Attending physician	10	10
case_CL120_EHR_118	dermatology_ent_ophthalmology	Dermatology, ENT, and ophthalmology	PHY-38DBEA3AD7	Attending physician	10	10
case_CL120_EHR_118	dermatology_ent_ophthalmology	Dermatology, ENT, and ophthalmology	PHY-C9BAC9A32B	Associate-chief/chief physician	10	10
case_CL120_EHR_119	dermatology_ent_ophthalmology	Dermatology, ENT, and ophthalmology	PHY-5A75E0BE73	Resident physician	10	10
case_CL120_EHR_119	dermatology_ent_ophthalmology	Dermatology, ENT, and ophthalmology	PHY-5FFE1A957B	Resident physician	10	10
case_CL120_EHR_119	dermatology_ent_ophthalmology	Dermatology, ENT, and ophthalmology	PHY-53B23DA73C	Attending physician	10	10
case_CL120_EHR_119	dermatology_ent_ophthalmology	Dermatology, ENT, and ophthalmology	PHY-96D72D29E2	Attending physician	10	10
case_CL120_EHR_119	dermatology_ent_ophthalmology	Dermatology, ENT, and ophthalmology	PHY-93C002C7BC	Associate-chief/chief physician	10	10
case_CL120_EHR_120	dermatology_ent_ophthalmology	Dermatology, ENT, and ophthalmology	PHY-E452178446	Resident physician	10	10
case_CL120_EHR_120	dermatology_ent_ophthalmology	Dermatology, ENT, and ophthalmology	PHY-F76AFEF2DC	Resident physician	10	10
case_CL120_EHR_120	dermatology_ent_ophthalmology	Dermatology, ENT, and ophthalmology	PHY-E37ED552A8	Attending physician	10	10
case_CL120_EHR_120	dermatology_ent_ophthalmology	Dermatology, ENT, and ophthalmology	PHY-F3048DA401	Attending physician	10	10
case_CL120_EHR_120	dermatology_ent_ophthalmology	Dermatology, ENT, and ophthalmology	PHY-C9BAC9A32B	Associate-chief/chief physician	10	10
