ordinal_grade_median4,n,friction_capability_mean,friction_capability_sd,friction_capability_min,friction_capability_max
1.0,99,0.4988021243907607,0.20596454556868588,0.0,0.9291666666666666
1.5,107,0.6209838168062467,0.18343259486329175,0.17512500000000003,0.9826923076923076
2.0,194,0.6617333168549663,0.1745369378526847,0.17000000000000004,0.9528846153846153
2.5,95,0.693935678619626,0.1529794254341176,0.3468636363636364,0.9875
3.0,198,0.7607267392119664,0.13784474314607859,0.43912500000000004,1.0
3.5,205,0.8006423284845237,0.11406273834018715,0.43818181818181823,1.0
4.0,62,0.8254827256077255,0.12835510172270356,0.5236607142857144,1.0
4.5,91,0.8705754781848188,0.1020978909806909,0.5829545454545454,1.0
5.0,149,0.8759174055809962,0.09212339799589762,0.5172619047619049,1.0
